Symbol,Action,Qty,Price,Date,Trade_ID
BAJFINANCE,BUY,1,802.5,2026-03-30,9345279.0
WATERBASE,BUY,2,38.45,2026-03-30,5149700.0
BEL,BUY,2,400.0,2026-03-30,7816520.0
IDEAFORGE,BUY,2,375.0,2026-03-30,211481928.0
BAJFINANCE,BUY,1,819.0,2026-03-30,3058684.0
BSE,BUY,5,2708.0,2026-03-30,1818404.0
AUBANK,BUY,2,860.8,2026-03-30,1424331.0
HAL,BUY,1,3570.9,2026-03-30,201247749.0
LT,BUY,2,3561.0,2026-03-27,402467349.0
AVALON,SELL,10,992.7,2026-03-25,1943402.0
AVALON,BUY,10,970.9,2026-03-25,708360.0
YESBANK,BUY,103,18.05,2026-03-24,601117055.0
YESBANK,BUY,197,18.05,2026-03-24,601117056.0
LUMAXIND,BUY,1,5118.0,2026-03-19,400849983.0
LUMAXTECH,BUY,1,1595.9,2026-03-19,400804809.0
LUMAXIND,BUY,1,5204.5,2026-03-18,401747074.0
SMLMAH,BUY,1,4119.0,2026-03-18,601796034.0
LUMAXTECH,BUY,1,1595.6,2026-03-18,401580501.0
LUMAXTECH,BUY,1,1597.3,2026-03-18,401562136.0
APOLLO,BUY,2,204.21,2026-03-18,267397.0
APOLLO,BUY,8,204.25,2026-03-18,267398.0
DATAPATTNS,BUY,1,3060.0,2026-03-16,209253010.0
IDEA,BUY,500,9.3,2026-03-13,209177965.0
IDEA,BUY,500,9.3,2026-03-13,205733692.0
BSE,SELL,12,2857.5,2026-03-10,6319754.0
KERNEX,BUY,5,995.4,2026-03-09,401825660.0
KERNEX,BUY,4,995.4,2026-03-09,401825661.0
PNB,BUY,20,112.33,2026-03-09,401430311.0
AUBANK,BUY,2,937.65,2026-03-09,1132485.0
AUBANK,BUY,1,937.9,2026-03-09,1119982.0
AUBANK,BUY,2,937.9,2026-03-09,1119983.0
CANBK,BUY,10,137.54,2026-03-09,883213.0
DATAPATTNS,BUY,1,3397.7,2026-03-09,201213349.0
YESBANK,BUY,134,19.38,2026-03-09,600730947.0
YESBANK,BUY,41,19.38,2026-03-09,600730092.0
YESBANK,BUY,25,19.38,2026-03-09,600730761.0
AUBANK,SELL,5,972.6,2026-03-06,1793529.0
DATAPATTNS,BUY,1,3527.0,2026-03-06,201584157.0
SMLMAH,BUY,1,4400.0,2026-03-05,601299679.0
APEX,BUY,3,377.0,2026-03-02,7462150.0
MAHABANK,BUY,20,71.9,2026-03-02,409090382.0
UNIONBANK,BUY,20,197.58,2026-03-02,609397655.0
PNB,BUY,20,124.7,2026-03-02,10266900.0
CANBK,BUY,50,152.05,2026-03-02,5734931.0
YESBANK,BUY,370,20.02,2026-03-02,608724994.0
YESBANK,BUY,3,20.02,2026-03-02,608723257.0
YESBANK,BUY,4,20.02,2026-03-02,608722993.0
YESBANK,BUY,2,20.02,2026-03-02,608722694.0
YESBANK,BUY,1,20.02,2026-03-02,608722273.0
YESBANK,BUY,3,20.02,2026-03-02,608721151.0
YESBANK,BUY,500,20.02,2026-03-02,608721157.0
YESBANK,BUY,10,20.02,2026-03-02,608719863.0
YESBANK,BUY,193,20.02,2026-03-02,608718913.0
YESBANK,BUY,114,20.02,2026-03-02,608718938.0
IDEA,BUY,500,10.15,2026-03-02,207244403.0
RMDRIP,BUY,20,122.39,2026-02-24,604377429.0
RNBDENIMS,BUY,20,198.7,2026-02-24,603982643.0
MTARTECH,BUY,2,3695.0,2026-02-23,404310019.0
IDEA,BUY,2000,10.98,2026-02-23,202311314.0
PNB,SELL,1,132.29,2026-02-23,401508050.0
PNB,SELL,19,132.25,2026-02-23,401508051.0
CANBK,SELL,30,156.39,2026-02-23,1171603.0
AUBANK,BUY,5,953.0,2026-02-23,1126434.0
AMBER,BUY,1,7749.5,2026-02-23,374353.0
NETWEB,BUY,5,3604.7,2026-02-23,400322499.0
IDEA,BUY,2000,11.15,2026-02-20,207148975.0
IDEA,BUY,1000,11.18,2026-02-20,207104133.0
IDEA,BUY,124,11.2,2026-02-20,207091069.0
IDEA,BUY,1,11.2,2026-02-20,207091070.0
IDEA,BUY,875,11.2,2026-02-20,207091071.0
NETWEB,SELL,3,3530.0,2026-02-20,401806183.0
NETWEB,BUY,3,3397.5,2026-02-20,400311286.0
WATERBASE,BUY,2,60.0,2026-02-19,4301200.0
APEX,BUY,2,441.5,2026-02-19,5030015.0
IDEA,BUY,4000,11.2,2026-02-19,208294705.0
NETWEB,SELL,2,3520.0,2026-02-19,407352097.0
MOTHERSON,SELL,2,133.16,2026-02-19,401390446.0
KERNEX,BUY,30,1122.2,2026-02-19,400937746.0
KERNEX,BUY,8,1122.5,2026-02-19,400860830.0
KERNEX,BUY,11,1122.5,2026-02-19,400860831.0
KERNEX,BUY,8,1122.5,2026-02-19,400860832.0
KERNEX,BUY,3,1122.9,2026-02-19,400860833.0
IDEA,SELL,4000,11.63,2026-02-18,202957737.0
WALCHANNAG,BUY,75,168.93,2026-02-16,606898037.0
WALCHANNAG,BUY,25,168.95,2026-02-16,606898038.0
NETWEB,BUY,1,3071.0,2026-02-16,406422147.0
NETWEB,BUY,1,3071.5,2026-02-16,406422148.0
HINDCOPPER,BUY,31,575.95,2026-02-16,209100580.0
HINDCOPPER,BUY,29,576.0,2026-02-16,209100581.0
GRSE,BUY,10,2430.0,2026-02-16,209048482.0
CANBK,BUY,30,145.71,2026-02-16,5744271.0
APOLLO,BUY,40,230.5,2026-02-16,5726440.0
ANGELONE,BUY,2,2573.4,2026-02-16,5716155.0
ANGELONE,BUY,2,2573.7,2026-02-16,5715426.0
ANGELONE,SELL,1,2554.6,2026-02-16,3867696.0
CANBK,SELL,10,144.52,2026-02-16,3865874.0
ANGELONE,SELL,1,2555.8,2026-02-16,3842078.0
CANBK,SELL,10,144.51,2026-02-16,3839662.0
ANGELONE,SELL,1,2554.0,2026-02-16,3811675.0
NETWEB,SELL,2,3074.1,2026-02-16,404256294.0
GRSE,SELL,10,2431.1,2026-02-16,206037374.0
CANBK,SELL,10,144.61,2026-02-16,3808093.0
APOLLO,SELL,15,230.05,2026-02-16,3807192.0
APOLLO,SELL,25,230.05,2026-02-16,3807193.0
HINDCOPPER,SELL,33,575.85,2026-02-16,206032023.0
HINDCOPPER,SELL,27,575.8,2026-02-16,206032024.0
WALCHANNAG,SELL,54,168.37,2026-02-16,604625743.0
WALCHANNAG,SELL,33,168.32,2026-02-16,604625744.0
WALCHANNAG,SELL,13,168.32,2026-02-16,604625745.0
HDFCBANK,SELL,5,927.65,2026-02-16,205998884.0
BSE,BUY,10,2808.6,2026-02-16,768443.0
ANGELONE,BUY,1,2553.4,2026-02-16,722019.0
HINDCOPPER,BUY,60,589.4,2026-02-13,211921128.0
APOLLO,BUY,34,230.75,2026-02-13,7243763.0
APOLLO,BUY,6,230.75,2026-02-13,7243764.0
BSE,BUY,2,3025.9,2026-02-13,7205057.0
CANBK,BUY,25,141.79,2026-02-13,7110105.0
BSE,SELL,1,3026.5,2026-02-13,7077118.0
HINDCOPPER,SELL,1,590.6,2026-02-13,211533699.0
HINDCOPPER,SELL,59,590.5,2026-02-13,211533700.0
HINDCOPPER,BUY,60,592.5,2026-02-13,211439431.0
CANBK,SELL,20,141.75,2026-02-13,6966078.0
BSE,SELL,1,3023.5,2026-02-13,6961926.0
APOLLO,SELL,29,231.9,2026-02-13,6957793.0
APOLLO,SELL,11,231.85,2026-02-13,6957794.0
CANBK,BUY,25,141.8,2026-02-13,6937332.0
BSE,BUY,1,3024.0,2026-02-13,6896789.0
BSE,BUY,1,3024.0,2026-02-13,6896790.0
APOLLO,BUY,40,231.8,2026-02-13,6827429.0
GOLDCASE,SELL,100,23.99,2026-02-13,209859647.0
GOLDCASE,SELL,146,23.98,2026-02-13,209859648.0
GOLDCASE,SELL,5,23.98,2026-02-13,209859649.0
GOLDCASE,SELL,10,23.98,2026-02-13,209859650.0
GOLDCASE,SELL,39,23.98,2026-02-13,209859651.0
CANBK,SELL,13,141.9,2026-02-13,5975356.0
CANBK,SELL,1,141.9,2026-02-13,5975357.0
CANBK,SELL,6,141.9,2026-02-13,5975358.0
BSE,SELL,1,3023.6,2026-02-13,5972950.0
APOLLO,SELL,40,233.5,2026-02-13,5970608.0
SILVERCASE,SELL,300,24.78,2026-02-13,607791096.0
HINDCOPPER,SELL,10,597.8,2026-02-13,209842368.0
HINDCOPPER,SELL,1,597.8,2026-02-13,209842369.0
HINDCOPPER,SELL,1,597.8,2026-02-13,209842370.0
HINDCOPPER,SELL,1,597.8,2026-02-13,209842371.0
HINDCOPPER,SELL,1,597.8,2026-02-13,209842372.0
HINDCOPPER,SELL,2,597.8,2026-02-13,209842373.0
HINDCOPPER,SELL,1,597.8,2026-02-13,209842374.0
HINDCOPPER,SELL,43,597.75,2026-02-13,209842375.0
TATSILV,SELL,5,23.66,2026-02-13,607786815.0
MOSCHIP,BUY,5,190.9,2026-02-13,9120500.0
MOSCHIP,BUY,5,190.89,2026-02-13,405913727.0
IDEA,BUY,3500,11.34,2026-02-13,208632395.0
HDFCBANK,BUY,5,914.45,2026-02-13,207496533.0
NIFTYBEES,BUY,10,289.49,2026-02-13,404883298.0
ITBEES,SELL,50,35.97,2026-02-13,207480003.0
YESBANK,BUY,200,20.82,2026-02-13,602232742.0
ANGELONE,BUY,1,2694.8,2026-02-13,1057461.0
IDEA,BUY,500,11.44,2026-02-13,201011171.0
WALCHANNAG,BUY,20,174.2,2026-02-12,609403800.0
WALCHANNAG,BUY,20,174.79,2026-02-12,609401566.0
LUMAXTECH,SELL,2,1755.0,2026-02-12,408006910.0
NETWEB,BUY,1,3183.0,2026-02-12,407993322.0
IDEA,SELL,4000,11.55,2026-02-12,210000642.0
YESBANK,BUY,995,21.1,2026-02-12,608849147.0
YESBANK,BUY,5,21.1,2026-02-12,608847167.0
BHARATFORG,BUY,1,1746.6,2026-02-12,5981640.0
SCI,BUY,30,275.37,2026-02-12,600862369.0
IDEA,BUY,4000,11.36,2026-02-12,200842995.0
LUMAXTECH,BUY,1,1714.7,2026-02-11,401554575.0
MOTHERSON,BUY,1,135.22,2026-02-11,401547312.0
ANGELONE,BUY,1,2784.2,2026-02-10,5796611.0
LUMAXTECH,BUY,1,1591.0,2026-02-10,406751476.0
MOTHERSON,BUY,1,129.3,2026-02-10,406737817.0
YESBANK,BUY,1,21.59,2026-02-09,606933981.0
IDEA,SELL,4000,11.54,2026-02-09,203467361.0
YESBANK,SELL,1000,21.63,2026-02-09,603376468.0
DATAPATTNS,SELL,1,2766.7,2026-02-09,201273234.0
DATAPATTNS,SELL,4,2766.7,2026-02-09,201273235.0
DATAPATTNS,SELL,2,2766.7,2026-02-09,201273236.0
SCI,BUY,20,251.03,2026-02-09,600662364.0
DATAPATTNS,BUY,2,2580.0,2026-02-06,202430113.0
UNICHEMLAB,SELL,5,436.0,2026-02-05,610107054.0
UNICHEMLAB,BUY,5,435.35,2026-02-05,609908064.0
YESBANK,BUY,1000,21.2,2026-02-05,608210991.0
MTARTECH,SELL,5,3228.0,2026-02-05,402227892.0
AVALON,BUY,25,972.0,2026-02-05,1256027.0
AVALON,BUY,2,972.0,2026-02-05,1256028.0
AVALON,BUY,3,968.0,2026-02-05,1192061.0
METROPOLIS,BUY,3,1920.0,2026-02-05,400828992.0
AVALON,BUY,1,1018.8,2026-02-05,399134.0
AVALON,BUY,3,1018.85,2026-02-05,399135.0
AVALON,BUY,26,1019.0,2026-02-05,399136.0
IDEA,BUY,1000,11.32,2026-02-04,211463396.0
WALCHANNAG,BUY,25,183.0,2026-02-04,611277396.0
IDEA,BUY,2000,11.35,2026-02-04,210854623.0
KERNEX,BUY,30,1190.0,2026-02-04,407761153.0
IDEA,BUY,681,11.32,2026-02-04,205627612.0
IDEA,BUY,319,11.32,2026-02-04,205627613.0
IDEA,BUY,1,11.44,2026-02-04,202943995.0
BSE,SELL,34,2885.5,2026-02-04,788995.0
WALCHANNAG,BUY,30,186.0,2026-02-03,613488168.0
IDEA,SELL,3000,11.4,2026-02-03,211959741.0
MON100,BUY,20,231.82,2026-02-03,407734587.0
AVALON,SELL,5,1022.7,2026-02-03,1586380.0
ITBEES,BUY,50,41.94,2026-02-02,212812125.0
GOLDBEES,BUY,25,118.39,2026-02-02,212384611.0
NETWEB,BUY,1,3310.0,2026-02-02,402901427.0
WALCHANNAG,BUY,5,186.0,2026-02-01,608322611.0
APOLLO,BUY,20,253.25,2026-02-01,5458698.0
BSE,BUY,10,2600.0,2026-02-01,4903387.0
BSE,BUY,10,2571.2,2026-02-01,4727562.0
KERNEX,BUY,2,1233.8,2026-02-01,404736484.0
KERNEX,BUY,11,1233.8,2026-02-01,404736485.0
KERNEX,BUY,7,1233.9,2026-02-01,404736486.0
KERNEX,SELL,4,1221.3,2026-02-01,404642705.0
KERNEX,SELL,16,1221.3,2026-02-01,404642706.0
BSE,BUY,9,2500.0,2026-02-01,4265458.0
KERNEX,BUY,1,1200.0,2026-02-01,404157052.0
APOLLO,BUY,20,252.0,2026-02-01,3642713.0
IDEA,BUY,1000,10.8,2026-02-01,206669520.0
BSE,BUY,1,2517.3,2026-02-01,3455625.0
MTARTECH,BUY,2,2972.0,2026-02-01,402902991.0
MTARTECH,BUY,3,2972.0,2026-02-01,402902994.0
DATAPATTNS,BUY,5,2672.0,2026-02-01,205409931.0
IDEA,BUY,2000,10.8,2026-02-01,200624468.0
IDEA,SELL,4000,11.12,2026-01-30,214118452.0
MOSCHIP,SELL,5,203.01,2026-01-30,401882311.0
SILVERCASE,BUY,100,36.29,2026-01-30,602881640.0
GOLDCASE,BUY,100,27.06,2026-01-30,202793272.0
HINDCOPPER,BUY,20,712.25,2026-01-30,202582500.0
AVALON,BUY,5,840.0,2026-01-30,807073.0
GRSE,BUY,10,2591.4,2026-01-29,210671379.0
SILVERCASE,BUY,200,37.75,2026-01-29,608744780.0
GOLDCASE,BUY,200,27.67,2026-01-29,209981633.0
PNB,BUY,20,124.49,2026-01-29,404513716.0
CANBK,BUY,20,157.74,2026-01-29,3761883.0
HINDCOPPER,BUY,20,728.9,2026-01-29,204937861.0
KERNEX,BUY,13,1214.2,2026-01-29,402594636.0
KERNEX,BUY,7,1214.2,2026-01-29,402594001.0
HINDCOPPER,BUY,20,741.0,2026-01-29,203555055.0
TATASTEEL,SELL,5,193.8,2026-01-28,606739196.0
GOLDBEES,SELL,5,135.38,2026-01-28,205985891.0
MOSCHIP,SELL,5,184.25,2026-01-28,19379700.0
MOSCHIP,SELL,2,184.38,2026-01-28,404225147.0
MOSCHIP,SELL,1,184.38,2026-01-28,404225148.0
MOSCHIP,SELL,2,184.33,2026-01-28,404225149.0
MICEL-B,SELL,5,38.64,2026-01-28,2759500.0
MOSCHIP,BUY,5,173.71,2026-01-28,400020926.0
TATASTEEL,BUY,5,193.49,2026-01-28,600006791.0
TATSILV,BUY,5,28.43,2026-01-22,605471084.0
TATASTEEL,SELL,5,188.59,2026-01-22,605462687.0
GOLDBEES,BUY,5,124.2,2026-01-22,204132868.0
TATASTEEL,BUY,5,181.6,2026-01-21,606323760.0
MOSCHIP,BUY,5,175.45,2026-01-21,9115500.0
MOSCHIP,BUY,5,175.43,2026-01-21,404380241.0
MICEL-B,BUY,5,34.08,2026-01-21,3770100.0
EMBASSY,BUY,1,438.78,2026-01-20,1207300.0
IDEA,BUY,2000,10.1,2026-01-20,211293622.0
BIRET,BUY,1,344.8,2026-01-20,1120500.0
IDEA,BUY,1000,10.82,2026-01-16,210744208.0
IDEA,BUY,500,11.25,2026-01-12,201281289.0
BAJFINANCE,BUY,5,970.0,2026-01-09,2926644.0
IDEA,BUY,500,11.4,2026-01-05,207395725.0
DIXON,BUY,1,12105.0,2026-01-05,207193947.0
BSE,BUY,5,2688.5,2026-01-05,3918406.0
,,0,,,
,,0,,,
,,0,,,
,,0,,,
DATAPATTNS,BUY,11,4801.0,2026-06-19,206683390.0
MTARTECH,BUY,4,8406.0,2026-06-19,402801302.0
AVALON,BUY,60,1745.0,2026-06-19,2004913.0
MTARTECH,BUY,4,8500.0,2026-06-19,402264967.0
DATAPATTNS,SELL,11,4920.0,2026-06-19,202342198.0
IDEA,BUY,1134,14.94,2026-06-19,202105295.0
IDEA,BUY,866,14.94,2026-06-19,202105296.0
AVALON,SELL,56,1787.0,2026-06-19,713169.0
MTARTECH,SELL,4,8670.0,2026-06-19,400841856.0
YESBANK,BUY,1000,25.4,2026-06-19,600808236.0
AVALON,BUY,5,1740.0,2026-06-18,1608452.0
VOGL,SELL,3,31.8,2026-06-18,601749343.0
VISL,SELL,3,24.37,2026-06-18,601736537.0
VEDPOWER,SELL,3,41.97,2026-06-18,601725115.0
VAML,SELL,3,469.02,2026-06-18,601711028.0
DATAPATTNS,BUY,1,4730.0,2026-06-18,201321734.0
DATAPATTNS,BUY,5,4735.0,2026-06-18,201317737.0
DATAPATTNS,BUY,5,4788.7,2026-06-18,201032881.0
IDEA,BUY,200,14.94,2026-06-18,200768528.0
IDEA,BUY,800,14.94,2026-06-18,200768635.0
YESBANK,BUY,500,25.17,2026-06-18,600162586.0
IDEA,SELL,7000,14.9,2026-06-17,210760729.0
DATAPATTNS,SELL,1,4756.1,2026-06-17,208399073.0
DATAPATTNS,SELL,5,4756.0,2026-06-17,208399074.0
DATAPATTNS,SELL,3,4756.0,2026-06-17,208399075.0
BSE,BUY,3,4005.0,2026-06-17,5288743.0
BSE,BUY,2,4005.0,2026-06-17,5288744.0
BSE,BUY,10,4051.0,2026-06-17,3070381.0
SBIN,SELL,10,1016.0,2026-06-17,601891437.0
YESBANK,SELL,500,24.6,2026-06-17,601685174.0
KERNEX,SELL,11,2090.0,2026-06-17,401247320.0
DIXON,SELL,1,12570.0,2026-06-17,200757010.0
APOLLO,SELL,90,436.0,2026-06-16,6926381.0
YESBANK,BUY,500,23.55,2026-06-16,606826301.0
KERNEX,BUY,10,2022.0,2026-06-16,401614658.0
AVALON,BUY,7,1749.2,2026-06-16,293190.0
AVALON,BUY,9,1749.2,2026-06-16,293191.0
AVALON,BUY,1,1749.3,2026-06-16,293192.0
AVALON,BUY,33,1749.4,2026-06-16,293193.0
KERNEX,BUY,1,2036.3,2026-06-15,409352439.0
WALCHANNAG,BUY,10,267.0,2026-06-15,603644194.0
KERNEX,SELL,2,1995.0,2026-06-12,406457162.0
YESBANK,SELL,1000,22.81,2026-06-12,604805379.0
BHEL,SELL,4,374.45,2026-06-12,3410842.0
WALCHANNAG,SELL,180,257.0,2026-06-12,603278523.0
AVALON,SELL,50,1640.0,2026-06-12,3189619.0
WALCHANNAG,BUY,100,238.0,2026-06-11,605582536.0
BSE,BUY,3,3890.0,2026-06-11,4894334.0
KERNEX,BUY,2,1904.0,2026-06-11,404709373.0
YESBANK,BUY,300,22.41,2026-06-11,603254429.0
YESBANK,BUY,359,22.41,2026-06-11,603254439.0
MTARTECH,BUY,2,6810.0,2026-06-11,402150673.0
APOLLO,BUY,40,399.6,2026-06-10,6917595.0
WALCHANNAG,BUY,40,243.0,2026-06-10,607630497.0
DATAPATTNS,BUY,2,4355.0,2026-06-10,209245102.0
ROSSTECH,BUY,40,1013.0,2026-06-10,606783680.0
LUMAXTECH,SELL,1,1649.8,2026-06-10,405469161.0
COCHINSHIP,BUY,1,1429.3,2026-06-10,4801676.0
CUB,BUY,4,253.25,2026-06-10,4777988.0
CUB,BUY,5,253.25,2026-06-10,4777989.0
CUB,BUY,2,253.25,2026-06-10,4777990.0
CUB,BUY,4,253.3,2026-06-10,4777991.0
AVALON,BUY,5,1600.0,2026-06-10,1249292.0
AVALON,BUY,18,1600.6,2026-06-10,1249293.0
AVALON,BUY,15,1600.7,2026-06-10,1249294.0
AVALON,BUY,2,1601.0,2026-06-10,1249295.0
AVALON,BUY,2,1601.2,2026-06-10,1249296.0
AVALON,BUY,2,1601.4,2026-06-10,1249297.0
AVALON,BUY,1,1601.9,2026-06-10,1249298.0
AVALON,BUY,4,1601.9,2026-06-10,1249299.0
AVALON,BUY,1,1602.0,2026-06-10,1249300.0
WALCHANNAG,BUY,40,244.0,2026-06-10,601253432.0
IDEA,BUY,400,13.89,2026-06-10,201304285.0
DATAPATTNS,BUY,2,4452.2,2026-06-10,201224832.0
YESBANK,BUY,150,23.39,2026-06-09,608279399.0
WALCHANNAG,SELL,100,255.0,2026-06-09,607877228.0
IDEA,BUY,119,14.18,2026-06-09,207777455.0
IDEA,BUY,1,14.18,2026-06-09,207777456.0
IDEA,BUY,1,14.18,2026-06-09,207777457.0
IDEA,BUY,1,14.18,2026-06-09,207777458.0
IDEA,BUY,1,14.18,2026-06-09,207777459.0
IDEA,BUY,1,14.18,2026-06-09,207777460.0
IDEA,BUY,1,14.18,2026-06-09,207777461.0
IDEA,BUY,1,14.18,2026-06-09,207777462.0
IDEA,BUY,3,14.18,2026-06-09,207777463.0
IDEA,BUY,1,14.18,2026-06-09,207777464.0
IDEA,BUY,1,14.18,2026-06-09,207777465.0
IDEA,BUY,1,14.18,2026-06-09,207777466.0
IDEA,BUY,1,14.18,2026-06-09,207777467.0
IDEA,BUY,1,14.18,2026-06-09,207777468.0
IDEA,BUY,1,14.18,2026-06-09,207777469.0
IDEA,BUY,1,14.18,2026-06-09,207777470.0
IDEA,BUY,1,14.18,2026-06-09,207777471.0
IDEA,BUY,1,14.18,2026-06-09,207777472.0
IDEA,BUY,1,14.18,2026-06-09,207777473.0
IDEA,BUY,1,14.18,2026-06-09,207777474.0
IDEA,BUY,1,14.18,2026-06-09,207777475.0
IDEA,BUY,1,14.18,2026-06-09,207777476.0
IDEA,BUY,1,14.18,2026-06-09,207777477.0
IDEA,BUY,1,14.18,2026-06-09,207777478.0
IDEA,BUY,1,14.18,2026-06-09,207777479.0
IDEA,BUY,1,14.18,2026-06-09,207777480.0
IDEA,BUY,1,14.18,2026-06-09,207777481.0
IDEA,BUY,1,14.18,2026-06-09,207777482.0
IDEA,BUY,1,14.18,2026-06-09,207777483.0
IDEA,BUY,1,14.18,2026-06-09,207777484.0
IDEA,BUY,1,14.18,2026-06-09,207777485.0
IDEA,BUY,1,14.18,2026-06-09,207777486.0
IDEA,BUY,1,14.18,2026-06-09,207777487.0
IDEA,BUY,1,14.18,2026-06-09,207777488.0
IDEA,BUY,1,14.18,2026-06-09,207777489.0
IDEA,BUY,1,14.18,2026-06-09,207777490.0
IDEA,BUY,1,14.18,2026-06-09,207777491.0
IDEA,BUY,1,14.18,2026-06-09,207777492.0
IDEA,BUY,1,14.18,2026-06-09,207777493.0
IDEA,BUY,1,14.18,2026-06-09,207777494.0
IDEA,BUY,1,14.18,2026-06-09,207777495.0
IDEA,BUY,1,14.18,2026-06-09,207777496.0
IDEA,BUY,1,14.18,2026-06-09,207777497.0
IDEA,BUY,1,14.18,2026-06-09,207777498.0
IDEA,BUY,1,14.18,2026-06-09,207777499.0
IDEA,BUY,1,14.18,2026-06-09,207777500.0
IDEA,BUY,1,14.18,2026-06-09,207777501.0
IDEA,BUY,1,14.18,2026-06-09,207777502.0
IDEA,BUY,1,14.18,2026-06-09,207777503.0
IDEA,BUY,1,14.18,2026-06-09,207777504.0
IDEA,BUY,1,14.18,2026-06-09,207777505.0
IDEA,BUY,1,14.18,2026-06-09,207777506.0
IDEA,BUY,1,14.18,2026-06-09,207777507.0
IDEA,BUY,1,14.18,2026-06-09,207777508.0
IDEA,BUY,1,14.18,2026-06-09,207777509.0
IDEA,BUY,1,14.18,2026-06-09,207777510.0
IDEA,BUY,1,14.18,2026-06-09,207777511.0
IDEA,BUY,1,14.18,2026-06-09,207777512.0
IDEA,BUY,1,14.18,2026-06-09,207777513.0
IDEA,BUY,1,14.18,2026-06-09,207777514.0
IDEA,BUY,1,14.18,2026-06-09,207777515.0
IDEA,BUY,1,14.18,2026-06-09,207777516.0
IDEA,BUY,1,14.18,2026-06-09,207777517.0
IDEA,BUY,1,14.18,2026-06-09,207777518.0
IDEA,BUY,1,14.18,2026-06-09,207777519.0
IDEA,BUY,1,14.18,2026-06-09,207777520.0
IDEA,BUY,1,14.18,2026-06-09,207777521.0
IDEA,BUY,1,14.18,2026-06-09,207777522.0
IDEA,BUY,1,14.18,2026-06-09,207777523.0
IDEA,BUY,1,14.18,2026-06-09,207777524.0
IDEA,BUY,1,14.18,2026-06-09,207777525.0
IDEA,BUY,1,14.18,2026-06-09,207777526.0
IDEA,BUY,1,14.18,2026-06-09,207777527.0
IDEA,BUY,1,14.18,2026-06-09,207777528.0
IDEA,BUY,1,14.18,2026-06-09,207777529.0
IDEA,BUY,1,14.18,2026-06-09,207777530.0
IDEA,BUY,1,14.18,2026-06-09,207777531.0
IDEA,BUY,1,14.18,2026-06-09,207777532.0
IDEA,BUY,1,14.18,2026-06-09,207777533.0
IDEA,BUY,1,14.18,2026-06-09,207777534.0
IDEA,BUY,1,14.18,2026-06-09,207777535.0
IDEA,BUY,1,14.18,2026-06-09,207777536.0
IDEA,BUY,1,14.18,2026-06-09,207777537.0
IDEA,BUY,1,14.18,2026-06-09,207777538.0
IDEA,BUY,1,14.18,2026-06-09,207777539.0
IDEA,BUY,1,14.18,2026-06-09,207777540.0
IDEA,BUY,1,14.18,2026-06-09,207777541.0
IDEA,BUY,1,14.18,2026-06-09,207777542.0
IDEA,BUY,1,14.18,2026-06-09,207777543.0
IDEA,BUY,1,14.18,2026-06-09,207777544.0
IDEA,BUY,1,14.18,2026-06-09,207777545.0
IDEA,BUY,1,14.18,2026-06-09,207777546.0
IDEA,BUY,1,14.18,2026-06-09,207777547.0
IDEA,BUY,1,14.18,2026-06-09,207777548.0
IDEA,BUY,1,14.18,2026-06-09,207777549.0
IDEA,BUY,1,14.18,2026-06-09,207777550.0
IDEA,BUY,1,14.18,2026-06-09,207777551.0
IDEA,BUY,1,14.18,2026-06-09,207777552.0
IDEA,BUY,1,14.18,2026-06-09,207777553.0
IDEA,BUY,1,14.18,2026-06-09,207777554.0
IDEA,BUY,1,14.18,2026-06-09,207777555.0
IDEA,BUY,1,14.18,2026-06-09,207777556.0
IDEA,BUY,1,14.18,2026-06-09,207777557.0
IDEA,BUY,1,14.18,2026-06-09,207777558.0
IDEA,BUY,1,14.18,2026-06-09,207777559.0
IDEA,BUY,1,14.18,2026-06-09,207777560.0
IDEA,BUY,1,14.18,2026-06-09,207777561.0
IDEA,BUY,1,14.18,2026-06-09,207777562.0
IDEA,BUY,1,14.18,2026-06-09,207777563.0
IDEA,BUY,1,14.18,2026-06-09,207777564.0
IDEA,BUY,1,14.18,2026-06-09,207777565.0
IDEA,BUY,1,14.18,2026-06-09,207777566.0
IDEA,BUY,1,14.18,2026-06-09,207777567.0
IDEA,BUY,1,14.18,2026-06-09,207777568.0
IDEA,BUY,1,14.18,2026-06-09,207777569.0
IDEA,BUY,1,14.18,2026-06-09,207777570.0
IDEA,BUY,1,14.18,2026-06-09,207777571.0
IDEA,BUY,1,14.18,2026-06-09,207777572.0
IDEA,BUY,1,14.18,2026-06-09,207777573.0
IDEA,BUY,1,14.18,2026-06-09,207777574.0
IDEA,BUY,1,14.18,2026-06-09,207777575.0
IDEA,BUY,1,14.18,2026-06-09,207777576.0
IDEA,BUY,1,14.18,2026-06-09,207777577.0
IDEA,BUY,1,14.18,2026-06-09,207777578.0
IDEA,BUY,1,14.18,2026-06-09,207777579.0
IDEA,BUY,1,14.18,2026-06-09,207777580.0
IDEA,BUY,1,14.18,2026-06-09,207777581.0
IDEA,BUY,1,14.18,2026-06-09,207777582.0
IDEA,BUY,1,14.18,2026-06-09,207777583.0
IDEA,BUY,1,14.18,2026-06-09,207777584.0
IDEA,BUY,1,14.18,2026-06-09,207777585.0
IDEA,BUY,1,14.18,2026-06-09,207777586.0
IDEA,BUY,1,14.18,2026-06-09,207777587.0
IDEA,BUY,1,14.18,2026-06-09,207777588.0
IDEA,BUY,1,14.18,2026-06-09,207777589.0
IDEA,BUY,1,14.18,2026-06-09,207777590.0
IDEA,BUY,1,14.18,2026-06-09,207777591.0
IDEA,BUY,1,14.18,2026-06-09,207777592.0
IDEA,BUY,1,14.18,2026-06-09,207777593.0
IDEA,BUY,1,14.18,2026-06-09,207777594.0
IDEA,BUY,1,14.18,2026-06-09,207777595.0
IDEA,BUY,1,14.18,2026-06-09,207777596.0
IDEA,BUY,1,14.18,2026-06-09,207777597.0
IDEA,BUY,1,14.18,2026-06-09,207777598.0
IDEA,BUY,1,14.18,2026-06-09,207777599.0
IDEA,BUY,1,14.18,2026-06-09,207777600.0
IDEA,BUY,1,14.18,2026-06-09,207777601.0
IDEA,BUY,1,14.18,2026-06-09,207777602.0
IDEA,BUY,1,14.18,2026-06-09,207777603.0
IDEA,BUY,1,14.18,2026-06-09,207777604.0
IDEA,BUY,1,14.18,2026-06-09,207777605.0
IDEA,BUY,1,14.18,2026-06-09,207777606.0
IDEA,BUY,1,14.18,2026-06-09,207777607.0
IDEA,BUY,1,14.18,2026-06-09,207777608.0
IDEA,BUY,1,14.18,2026-06-09,207777609.0
IDEA,BUY,1,14.18,2026-06-09,207777610.0
IDEA,BUY,1,14.18,2026-06-09,207777611.0
IDEA,BUY,1,14.18,2026-06-09,207777612.0
IDEA,BUY,1,14.18,2026-06-09,207777613.0
IDEA,BUY,1,14.18,2026-06-09,207777614.0
IDEA,BUY,1,14.18,2026-06-09,207777615.0
IDEA,BUY,1,14.18,2026-06-09,207777616.0
IDEA,BUY,1,14.18,2026-06-09,207777617.0
IDEA,BUY,1,14.18,2026-06-09,207777618.0
IDEA,BUY,1,14.18,2026-06-09,207777619.0
IDEA,BUY,1,14.18,2026-06-09,207777620.0
IDEA,BUY,1,14.18,2026-06-09,207777621.0
IDEA,BUY,1,14.18,2026-06-09,207777622.0
IDEA,BUY,1,14.18,2026-06-09,207777623.0
IDEA,BUY,1,14.18,2026-06-09,207777624.0
IDEA,BUY,1,14.18,2026-06-09,207777625.0
IDEA,BUY,1,14.18,2026-06-09,207777626.0
IDEA,BUY,1,14.18,2026-06-09,207777627.0
IDEA,BUY,1,14.18,2026-06-09,207777628.0
IDEA,BUY,1,14.18,2026-06-09,207777629.0
IDEA,BUY,1,14.18,2026-06-09,207777630.0
IDEA,BUY,1,14.18,2026-06-09,207777631.0
IDEA,BUY,1,14.18,2026-06-09,207777632.0
IDEA,BUY,1,14.18,2026-06-09,207777633.0
IDEA,BUY,1,14.18,2026-06-09,207777634.0
IDEA,BUY,1,14.18,2026-06-09,207777635.0
IDEA,BUY,1,14.18,2026-06-09,207777636.0
IDEA,BUY,1,14.18,2026-06-09,207777637.0
IDEA,BUY,1,14.18,2026-06-09,207777638.0
IDEA,BUY,1,14.18,2026-06-09,207777639.0
IDEA,BUY,1,14.18,2026-06-09,207777640.0
IDEA,BUY,1,14.18,2026-06-09,207777641.0
IDEA,BUY,1,14.18,2026-06-09,207777642.0
IDEA,BUY,1,14.18,2026-06-09,207777643.0
IDEA,BUY,1,14.18,2026-06-09,207777644.0
IDEA,BUY,1,14.18,2026-06-09,207777645.0
IDEA,BUY,1,14.18,2026-06-09,207777646.0
IDEA,BUY,1,14.18,2026-06-09,207777647.0
IDEA,BUY,1,14.18,2026-06-09,207777648.0
IDEA,BUY,1,14.18,2026-06-09,207777649.0
IDEA,BUY,1,14.18,2026-06-09,207777650.0
IDEA,BUY,1,14.18,2026-06-09,207777651.0
IDEA,BUY,1,14.18,2026-06-09,207777652.0
IDEA,BUY,1,14.18,2026-06-09,207777653.0
IDEA,BUY,1,14.18,2026-06-09,207777654.0
IDEA,BUY,1,14.18,2026-06-09,207777655.0
IDEA,BUY,1,14.18,2026-06-09,207777656.0
IDEA,BUY,1,14.18,2026-06-09,207777657.0
IDEA,BUY,1,14.18,2026-06-09,207777658.0
IDEA,BUY,1,14.18,2026-06-09,207777659.0
IDEA,BUY,1,14.18,2026-06-09,207777660.0
IDEA,BUY,1,14.18,2026-06-09,207777661.0
IDEA,BUY,1,14.18,2026-06-09,207777662.0
IDEA,BUY,1,14.18,2026-06-09,207777663.0
IDEA,BUY,1,14.18,2026-06-09,207777664.0
IDEA,BUY,1,14.18,2026-06-09,207777665.0
IDEA,BUY,1,14.18,2026-06-09,207777666.0
IDEA,BUY,1,14.18,2026-06-09,207777667.0
IDEA,BUY,1,14.18,2026-06-09,207777668.0
IDEA,BUY,1,14.18,2026-06-09,207777669.0
IDEA,BUY,1,14.18,2026-06-09,207777670.0
IDEA,BUY,1,14.18,2026-06-09,207777671.0
IDEA,BUY,1,14.18,2026-06-09,207777672.0
IDEA,BUY,1,14.18,2026-06-09,207777673.0
IDEA,BUY,1,14.18,2026-06-09,207777674.0
IDEA,BUY,1,14.18,2026-06-09,207777675.0
IDEA,BUY,1,14.18,2026-06-09,207777676.0
IDEA,BUY,1,14.18,2026-06-09,207777677.0
IDEA,BUY,1,14.18,2026-06-09,207777678.0
IDEA,BUY,1,14.18,2026-06-09,207777679.0
IDEA,BUY,1,14.18,2026-06-09,207777680.0
IDEA,BUY,1,14.18,2026-06-09,207777681.0
IDEA,BUY,1,14.18,2026-06-09,207777682.0
IDEA,BUY,1,14.18,2026-06-09,207777683.0
IDEA,BUY,1,14.18,2026-06-09,207777684.0
IDEA,BUY,1,14.18,2026-06-09,207777685.0
IDEA,BUY,1,14.18,2026-06-09,207777686.0
IDEA,BUY,1,14.18,2026-06-09,207777687.0
IDEA,BUY,1,14.18,2026-06-09,207777688.0
IDEA,BUY,1,14.18,2026-06-09,207777689.0
IDEA,BUY,1,14.18,2026-06-09,207777690.0
IDEA,BUY,1,14.18,2026-06-09,207777691.0
IDEA,BUY,1,14.18,2026-06-09,207777692.0
IDEA,BUY,1,14.18,2026-06-09,207777693.0
IDEA,BUY,1,14.18,2026-06-09,207777694.0
IDEA,BUY,1,14.18,2026-06-09,207777695.0
IDEA,BUY,1,14.18,2026-06-09,207777696.0
IDEA,BUY,1,14.18,2026-06-09,207777697.0
IDEA,BUY,1,14.18,2026-06-09,207777698.0
IDEA,BUY,1,14.18,2026-06-09,207777699.0
IDEA,BUY,1,14.18,2026-06-09,207777700.0
IDEA,BUY,1,14.18,2026-06-09,207777701.0
IDEA,BUY,1,14.18,2026-06-09,207777702.0
IDEA,BUY,1,14.18,2026-06-09,207777703.0
IDEA,BUY,1,14.18,2026-06-09,207777704.0
IDEA,BUY,1,14.18,2026-06-09,207777705.0
IDEA,BUY,1,14.18,2026-06-09,207777706.0
IDEA,BUY,1,14.18,2026-06-09,207777707.0
IDEA,BUY,1,14.18,2026-06-09,207777708.0
IDEA,BUY,1,14.18,2026-06-09,207777709.0
IDEA,BUY,1,14.18,2026-06-09,207777710.0
IDEA,BUY,1,14.18,2026-06-09,207777711.0
IDEA,BUY,119,14.18,2026-06-09,207777712.0
IDEA,BUY,1,14.18,2026-06-09,207777713.0
IDEA,BUY,1,14.18,2026-06-09,207777714.0
IDEA,BUY,1,14.18,2026-06-09,207777715.0
IDEA,BUY,1,14.18,2026-06-09,207777716.0
IDEA,BUY,1,14.18,2026-06-09,207777717.0
IDEA,BUY,1,14.18,2026-06-09,207777718.0
IDEA,BUY,1,14.18,2026-06-09,207777719.0
IDEA,BUY,1,14.18,2026-06-09,207777720.0
IDEA,BUY,1,14.18,2026-06-09,207777721.0
IDEA,BUY,1,14.18,2026-06-09,207777722.0
IDEA,BUY,1,14.18,2026-06-09,207777723.0
IDEA,BUY,1,14.18,2026-06-09,207777724.0
IDEA,BUY,1,14.18,2026-06-09,207777725.0
IDEA,BUY,1,14.18,2026-06-09,207777726.0
IDEA,BUY,1,14.18,2026-06-09,207777727.0
IDEA,BUY,1,14.18,2026-06-09,207777728.0
IDEA,BUY,1,14.18,2026-06-09,207777729.0
IDEA,BUY,1,14.18,2026-06-09,207777730.0
IDEA,BUY,1,14.18,2026-06-09,207777731.0
IDEA,BUY,1,14.18,2026-06-09,207777732.0
IDEA,BUY,1,14.18,2026-06-09,207777733.0
IDEA,BUY,1,14.18,2026-06-09,207777734.0
IDEA,BUY,1,14.18,2026-06-09,207777735.0
IDEA,BUY,1,14.18,2026-06-09,207777736.0
IDEA,BUY,1,14.18,2026-06-09,207777737.0
IDEA,BUY,1,14.18,2026-06-09,207777738.0
IDEA,BUY,1,14.18,2026-06-09,207777739.0
IDEA,BUY,1,14.18,2026-06-09,207777740.0
IDEA,BUY,1,14.18,2026-06-09,207777741.0
IDEA,BUY,1,14.18,2026-06-09,207777742.0
IDEA,BUY,1,14.18,2026-06-09,207777743.0
IDEA,BUY,1,14.18,2026-06-09,207777744.0
IDEA,BUY,1,14.18,2026-06-09,207777745.0
IDEA,BUY,1,14.18,2026-06-09,207777746.0
IDEA,BUY,1,14.18,2026-06-09,207777747.0
IDEA,BUY,1,14.18,2026-06-09,207777748.0
IDEA,BUY,1,14.18,2026-06-09,207777749.0
IDEA,BUY,1,14.18,2026-06-09,207777750.0
IDEA,BUY,1,14.18,2026-06-09,207777751.0
IDEA,BUY,1,14.18,2026-06-09,207777752.0
IDEA,BUY,1,14.18,2026-06-09,207777753.0
IDEA,BUY,1,14.18,2026-06-09,207777754.0
IDEA,BUY,1,14.18,2026-06-09,207777755.0
IDEA,BUY,1,14.18,2026-06-09,207777756.0
IDEA,BUY,1,14.18,2026-06-09,207777757.0
IDEA,BUY,1,14.18,2026-06-09,207777758.0
IDEA,BUY,1,14.18,2026-06-09,207777759.0
IDEA,BUY,1,14.18,2026-06-09,207777760.0
IDEA,BUY,1,14.18,2026-06-09,207777761.0
IDEA,BUY,1,14.18,2026-06-09,207777762.0
IDEA,BUY,1,14.18,2026-06-09,207777763.0
IDEA,BUY,1,14.18,2026-06-09,207777764.0
IDEA,BUY,1,14.18,2026-06-09,207777765.0
IDEA,BUY,1,14.18,2026-06-09,207777766.0
IDEA,BUY,1,14.18,2026-06-09,207777767.0
IDEA,BUY,1,14.18,2026-06-09,207777768.0
IDEA,BUY,1,14.18,2026-06-09,207777769.0
IDEA,BUY,1,14.18,2026-06-09,207777770.0
IDEA,BUY,1,14.18,2026-06-09,207777771.0
IDEA,BUY,1,14.18,2026-06-09,207777772.0
IDEA,BUY,1,14.18,2026-06-09,207777773.0
IDEA,BUY,1,14.18,2026-06-09,207777774.0
IDEA,BUY,1,14.18,2026-06-09,207777775.0
IDEA,BUY,1,14.18,2026-06-09,207777776.0
IDEA,BUY,1,14.18,2026-06-09,207777777.0
IDEA,BUY,1,14.18,2026-06-09,207777778.0
IDEA,BUY,1,14.18,2026-06-09,207777779.0
IDEA,BUY,1,14.18,2026-06-09,207777780.0
IDEA,BUY,1,14.18,2026-06-09,207777781.0
IDEA,BUY,1,14.18,2026-06-09,207777782.0
IDEA,BUY,1,14.18,2026-06-09,207777783.0
IDEA,BUY,1,14.18,2026-06-09,207777784.0
IDEA,BUY,1,14.18,2026-06-09,207777785.0
IDEA,BUY,1,14.18,2026-06-09,207777786.0
IDEA,BUY,1,14.18,2026-06-09,207777787.0
IDEA,BUY,1,14.18,2026-06-09,207777788.0
IDEA,BUY,1,14.18,2026-06-09,207777789.0
IDEA,BUY,1,14.18,2026-06-09,207777790.0
IDEA,BUY,1,14.18,2026-06-09,207777791.0
IDEA,BUY,1,14.18,2026-06-09,207777792.0
IDEA,BUY,1,14.18,2026-06-09,207777793.0
IDEA,BUY,1,14.18,2026-06-09,207777794.0
IDEA,BUY,1,14.18,2026-06-09,207777795.0
IDEA,BUY,1,14.18,2026-06-09,207777796.0
IDEA,BUY,1,14.18,2026-06-09,207777797.0
IDEA,BUY,1,14.18,2026-06-09,207777798.0
IDEA,BUY,1,14.18,2026-06-09,207777799.0
IDEA,BUY,1,14.18,2026-06-09,207777800.0
IDEA,BUY,1,14.18,2026-06-09,207777801.0
IDEA,BUY,1,14.18,2026-06-09,207777802.0
IDEA,BUY,1,14.18,2026-06-09,207777803.0
IDEA,BUY,1,14.18,2026-06-09,207777804.0
IDEA,BUY,1,14.18,2026-06-09,207777805.0
IDEA,BUY,1,14.18,2026-06-09,207777806.0
IDEA,BUY,1,14.18,2026-06-09,207777807.0
IDEA,BUY,1,14.18,2026-06-09,207777808.0
IDEA,BUY,1,14.18,2026-06-09,207777809.0
IDEA,BUY,1,14.18,2026-06-09,207777810.0
IDEA,BUY,1,14.18,2026-06-09,207777811.0
IDEA,BUY,1,14.18,2026-06-09,207777812.0
IDEA,BUY,1,14.18,2026-06-09,207777813.0
IDEA,BUY,1,14.18,2026-06-09,207777814.0
IDEA,BUY,1,14.18,2026-06-09,207777815.0
IDEA,BUY,1,14.18,2026-06-09,207777816.0
IDEA,BUY,1,14.18,2026-06-09,207777817.0
IDEA,BUY,1,14.18,2026-06-09,207777818.0
IDEA,BUY,1,14.18,2026-06-09,207777819.0
IDEA,BUY,1,14.18,2026-06-09,207777820.0
IDEA,BUY,1,14.18,2026-06-09,207777821.0
IDEA,BUY,1,14.18,2026-06-09,207777822.0
IDEA,BUY,1,14.18,2026-06-09,207777823.0
IDEA,BUY,1,14.18,2026-06-09,207777824.0
IDEA,BUY,1,14.18,2026-06-09,207777825.0
IDEA,BUY,1,14.18,2026-06-09,207777826.0
IDEA,BUY,1,14.18,2026-06-09,207777827.0
IDEA,BUY,1,14.18,2026-06-09,207777828.0
IDEA,BUY,1,14.18,2026-06-09,207777829.0
IDEA,BUY,1,14.18,2026-06-09,207777830.0
IDEA,BUY,1,14.18,2026-06-09,207777831.0
IDEA,BUY,1,14.18,2026-06-09,207777832.0
IDEA,BUY,1,14.18,2026-06-09,207777833.0
IDEA,BUY,1,14.18,2026-06-09,207777834.0
IDEA,BUY,1,14.18,2026-06-09,207777835.0
IDEA,BUY,1,14.18,2026-06-09,207777836.0
IDEA,BUY,1,14.18,2026-06-09,207777837.0
IDEA,BUY,1,14.18,2026-06-09,207777838.0
IDEA,BUY,1,14.18,2026-06-09,207777839.0
IDEA,BUY,1,14.18,2026-06-09,207777840.0
IDEA,BUY,1,14.18,2026-06-09,207777841.0
IDEA,BUY,1,14.18,2026-06-09,207777842.0
IDEA,BUY,1,14.18,2026-06-09,207777843.0
IDEA,BUY,1,14.18,2026-06-09,207777844.0
IDEA,BUY,1,14.18,2026-06-09,207777845.0
IDEA,BUY,1,14.18,2026-06-09,207777846.0
IDEA,BUY,1,14.18,2026-06-09,207777847.0
IDEA,BUY,1,14.18,2026-06-09,207777848.0
IDEA,BUY,1,14.18,2026-06-09,207777849.0
IDEA,BUY,1,14.18,2026-06-09,207777850.0
IDEA,BUY,1,14.18,2026-06-09,207777851.0
IDEA,BUY,1,14.18,2026-06-09,207777852.0
IDEA,BUY,1,14.18,2026-06-09,207777853.0
IDEA,BUY,1,14.18,2026-06-09,207777854.0
IDEA,BUY,1,14.18,2026-06-09,207777855.0
IDEA,BUY,1,14.18,2026-06-09,207777856.0
IDEA,BUY,1,14.18,2026-06-09,207777857.0
IDEA,BUY,1,14.18,2026-06-09,207777858.0
IDEA,BUY,1,14.18,2026-06-09,207777859.0
IDEA,BUY,1,14.18,2026-06-09,207777860.0
IDEA,BUY,1,14.18,2026-06-09,207777861.0
IDEA,BUY,1,14.18,2026-06-09,207777862.0
IDEA,BUY,1,14.18,2026-06-09,207777863.0
IDEA,BUY,1,14.18,2026-06-09,207777864.0
IDEA,BUY,1,14.18,2026-06-09,207777865.0
IDEA,BUY,1,14.18,2026-06-09,207777866.0
IDEA,BUY,1,14.18,2026-06-09,207777867.0
IDEA,BUY,1,14.18,2026-06-09,207777868.0
IDEA,BUY,1,14.18,2026-06-09,207777869.0
IDEA,BUY,1,14.18,2026-06-09,207777870.0
IDEA,BUY,1,14.18,2026-06-09,207777871.0
IDEA,BUY,1,14.18,2026-06-09,207777872.0
IDEA,BUY,1,14.18,2026-06-09,207777873.0
IDEA,BUY,1,14.18,2026-06-09,207777874.0
IDEA,BUY,1,14.18,2026-06-09,207777875.0
IDEA,BUY,1,14.18,2026-06-09,207777876.0
IDEA,BUY,1,14.18,2026-06-09,207777877.0
IDEA,BUY,1,14.18,2026-06-09,207777878.0
IDEA,BUY,1,14.18,2026-06-09,207777879.0
IDEA,BUY,1,14.18,2026-06-09,207777880.0
IDEA,BUY,1,14.18,2026-06-09,207777881.0
IDEA,BUY,1,14.18,2026-06-09,207777882.0
IDEA,BUY,1,14.18,2026-06-09,207777883.0
IDEA,BUY,1,14.18,2026-06-09,207777884.0
IDEA,BUY,1,14.18,2026-06-09,207777885.0
IDEA,BUY,1,14.18,2026-06-09,207777886.0
IDEA,BUY,1,14.18,2026-06-09,207777887.0
IDEA,BUY,1,14.18,2026-06-09,207777888.0
IDEA,BUY,1,14.18,2026-06-09,207777889.0
IDEA,BUY,1,14.18,2026-06-09,207777890.0
IDEA,BUY,1,14.18,2026-06-09,207777891.0
IDEA,BUY,1,14.18,2026-06-09,207777892.0
IDEA,BUY,1,14.18,2026-06-09,207777893.0
IDEA,BUY,1,14.18,2026-06-09,207777894.0
IDEA,BUY,1,14.18,2026-06-09,207777895.0
IDEA,BUY,1,14.18,2026-06-09,207777896.0
IDEA,BUY,1,14.18,2026-06-09,207777897.0
IDEA,BUY,1,14.18,2026-06-09,207777898.0
IDEA,BUY,1,14.18,2026-06-09,207777899.0
IDEA,BUY,1,14.18,2026-06-09,207777900.0
IDEA,BUY,1,14.18,2026-06-09,207777901.0
IDEA,BUY,1,14.18,2026-06-09,207777902.0
IDEA,BUY,1,14.18,2026-06-09,207777903.0
IDEA,BUY,1,14.18,2026-06-09,207777904.0
IDEA,BUY,119,14.18,2026-06-09,207777905.0
IDEA,BUY,1,14.18,2026-06-09,207777906.0
IDEA,BUY,1,14.18,2026-06-09,207777907.0
IDEA,BUY,1,14.18,2026-06-09,207777908.0
IDEA,BUY,1,14.18,2026-06-09,207777909.0
IDEA,BUY,1,14.18,2026-06-09,207777910.0
IDEA,BUY,1,14.18,2026-06-09,207777911.0
IDEA,BUY,1,14.18,2026-06-09,207777912.0
IDEA,BUY,1,14.18,2026-06-09,207777913.0
IDEA,BUY,1,14.18,2026-06-09,207777914.0
IDEA,BUY,1,14.18,2026-06-09,207777915.0
IDEA,BUY,1,14.18,2026-06-09,207777916.0
IDEA,BUY,1,14.18,2026-06-09,207777917.0
IDEA,BUY,1,14.18,2026-06-09,207777918.0
IDEA,BUY,1,14.18,2026-06-09,207777919.0
IDEA,BUY,1,14.18,2026-06-09,207777920.0
IDEA,BUY,1,14.18,2026-06-09,207777921.0
IDEA,BUY,1,14.18,2026-06-09,207777922.0
IDEA,BUY,1,14.18,2026-06-09,207777923.0
IDEA,BUY,1,14.18,2026-06-09,207777924.0
IDEA,BUY,1,14.18,2026-06-09,207777925.0
IDEA,BUY,1,14.18,2026-06-09,207777926.0
IDEA,BUY,1,14.18,2026-06-09,207777927.0
IDEA,BUY,1,14.18,2026-06-09,207777928.0
IDEA,BUY,1,14.18,2026-06-09,207777929.0
IDEA,BUY,1,14.18,2026-06-09,207777930.0
IDEA,BUY,1,14.18,2026-06-09,207777931.0
IDEA,BUY,1,14.18,2026-06-09,207777932.0
IDEA,BUY,1,14.18,2026-06-09,207777933.0
IDEA,BUY,1,14.18,2026-06-09,207777934.0
IDEA,BUY,1,14.18,2026-06-09,207777935.0
IDEA,BUY,1,14.18,2026-06-09,207777936.0
IDEA,BUY,1,14.18,2026-06-09,207777937.0
IDEA,BUY,1,14.18,2026-06-09,207777938.0
IDEA,BUY,1,14.18,2026-06-09,207777939.0
IDEA,BUY,1,14.18,2026-06-09,207777940.0
IDEA,BUY,1,14.18,2026-06-09,207777941.0
IDEA,BUY,1,14.18,2026-06-09,207777942.0
IDEA,BUY,1,14.18,2026-06-09,207777943.0
IDEA,BUY,1,14.18,2026-06-09,207777944.0
IDEA,BUY,1,14.18,2026-06-09,207777945.0
IDEA,BUY,1,14.18,2026-06-09,207777946.0
IDEA,BUY,1,14.18,2026-06-09,207777947.0
IDEA,BUY,1,14.18,2026-06-09,207777948.0
IDEA,BUY,1,14.18,2026-06-09,207777949.0
IDEA,BUY,1,14.18,2026-06-09,207777950.0
IDEA,BUY,1,14.18,2026-06-09,207777951.0
IDEA,BUY,1,14.18,2026-06-09,207777952.0
IDEA,BUY,1,14.18,2026-06-09,207777953.0
IDEA,BUY,1,14.18,2026-06-09,207777954.0
IDEA,BUY,1,14.18,2026-06-09,207777955.0
IDEA,BUY,1,14.18,2026-06-09,207777956.0
IDEA,BUY,1,14.18,2026-06-09,207777957.0
IDEA,BUY,1,14.18,2026-06-09,207777958.0
IDEA,BUY,1,14.18,2026-06-09,207777959.0
IDEA,BUY,1,14.18,2026-06-09,207777960.0
IDEA,BUY,1,14.18,2026-06-09,207777961.0
IDEA,BUY,1,14.18,2026-06-09,207777962.0
IDEA,BUY,1,14.18,2026-06-09,207777963.0
IDEA,BUY,1,14.18,2026-06-09,207777964.0
IDEA,BUY,1,14.18,2026-06-09,207777965.0
IDEA,BUY,1,14.18,2026-06-09,207777966.0
IDEA,BUY,1,14.18,2026-06-09,207777967.0
IDEA,BUY,1,14.18,2026-06-09,207777968.0
IDEA,BUY,1,14.18,2026-06-09,207777969.0
IDEA,BUY,1,14.18,2026-06-09,207777970.0
IDEA,BUY,1,14.18,2026-06-09,207777971.0
IDEA,BUY,1,14.18,2026-06-09,207777972.0
IDEA,BUY,1,14.18,2026-06-09,207777973.0
IDEA,BUY,1,14.18,2026-06-09,207777974.0
IDEA,BUY,1,14.18,2026-06-09,207777975.0
IDEA,BUY,1,14.18,2026-06-09,207777976.0
IDEA,BUY,1,14.18,2026-06-09,207777977.0
IDEA,BUY,1,14.18,2026-06-09,207777978.0
IDEA,BUY,1,14.18,2026-06-09,207777979.0
IDEA,BUY,1,14.18,2026-06-09,207777980.0
IDEA,BUY,1,14.18,2026-06-09,207777981.0
IDEA,BUY,1,14.18,2026-06-09,207777982.0
IDEA,BUY,1,14.18,2026-06-09,207777983.0
IDEA,BUY,1,14.18,2026-06-09,207777984.0
IDEA,BUY,1,14.18,2026-06-09,207777985.0
IDEA,BUY,1,14.18,2026-06-09,207777986.0
IDEA,BUY,1,14.18,2026-06-09,207777987.0
IDEA,BUY,1,14.18,2026-06-09,207777988.0
IDEA,BUY,1,14.18,2026-06-09,207777989.0
IDEA,BUY,1,14.18,2026-06-09,207777990.0
IDEA,BUY,1,14.18,2026-06-09,207777991.0
IDEA,BUY,1,14.18,2026-06-09,207777992.0
IDEA,BUY,1,14.18,2026-06-09,207777993.0
IDEA,BUY,1,14.18,2026-06-09,207777994.0
IDEA,BUY,1,14.18,2026-06-09,207777995.0
IDEA,BUY,1,14.18,2026-06-09,207777996.0
IDEA,BUY,1,14.18,2026-06-09,207777997.0
IDEA,BUY,1,14.18,2026-06-09,207777998.0
IDEA,BUY,1,14.18,2026-06-09,207777999.0
IDEA,BUY,1,14.18,2026-06-09,207778000.0
IDEA,BUY,1,14.18,2026-06-09,207778001.0
IDEA,BUY,1,14.18,2026-06-09,207778002.0
IDEA,BUY,1,14.18,2026-06-09,207778003.0
IDEA,BUY,1,14.18,2026-06-09,207778004.0
IDEA,BUY,1,14.18,2026-06-09,207778005.0
IDEA,BUY,1,14.18,2026-06-09,207778006.0
IDEA,BUY,1,14.18,2026-06-09,207778007.0
IDEA,BUY,1,14.18,2026-06-09,207778008.0
IDEA,BUY,1,14.18,2026-06-09,207778009.0
IDEA,BUY,1,14.18,2026-06-09,207778010.0
IDEA,BUY,1,14.18,2026-06-09,207778011.0
IDEA,BUY,1,14.18,2026-06-09,207778012.0
IDEA,BUY,1,14.18,2026-06-09,207778013.0
IDEA,BUY,1,14.18,2026-06-09,207778014.0
IDEA,BUY,1,14.18,2026-06-09,207778015.0
IDEA,BUY,1,14.18,2026-06-09,207778016.0
IDEA,BUY,1,14.18,2026-06-09,207778017.0
IDEA,BUY,1,14.18,2026-06-09,207778018.0
IDEA,BUY,1,14.18,2026-06-09,207778019.0
IDEA,BUY,1,14.18,2026-06-09,207778020.0
IDEA,BUY,1,14.18,2026-06-09,207778021.0
IDEA,BUY,1,14.18,2026-06-09,207778022.0
IDEA,BUY,1,14.18,2026-06-09,207778023.0
IDEA,BUY,1,14.18,2026-06-09,207778024.0
IDEA,BUY,1,14.18,2026-06-09,207778025.0
IDEA,BUY,1,14.18,2026-06-09,207778026.0
IDEA,BUY,1,14.18,2026-06-09,207778027.0
IDEA,BUY,1,14.18,2026-06-09,207778028.0
IDEA,BUY,1,14.18,2026-06-09,207778029.0
IDEA,BUY,1,14.18,2026-06-09,207778030.0
IDEA,BUY,1,14.18,2026-06-09,207778031.0
IDEA,BUY,1,14.18,2026-06-09,207778032.0
IDEA,BUY,1,14.18,2026-06-09,207778033.0
IDEA,BUY,1,14.18,2026-06-09,207778034.0
IDEA,BUY,1,14.18,2026-06-09,207778035.0
IDEA,BUY,1,14.18,2026-06-09,207778036.0
IDEA,BUY,1,14.18,2026-06-09,207778037.0
IDEA,BUY,1,14.18,2026-06-09,207778038.0
IDEA,BUY,1,14.18,2026-06-09,207778039.0
IDEA,BUY,1,14.18,2026-06-09,207778040.0
IDEA,BUY,1,14.18,2026-06-09,207778041.0
IDEA,BUY,1,14.18,2026-06-09,207778042.0
IDEA,BUY,1,14.18,2026-06-09,207778043.0
IDEA,BUY,1,14.18,2026-06-09,207778044.0
IDEA,BUY,1,14.18,2026-06-09,207778045.0
IDEA,BUY,1,14.18,2026-06-09,207778046.0
IDEA,BUY,1,14.18,2026-06-09,207778047.0
IDEA,BUY,1,14.18,2026-06-09,207778048.0
IDEA,BUY,1,14.18,2026-06-09,207778049.0
IDEA,BUY,1,14.18,2026-06-09,207778050.0
IDEA,BUY,1,14.18,2026-06-09,207778051.0
IDEA,BUY,1,14.18,2026-06-09,207778052.0
IDEA,BUY,1,14.18,2026-06-09,207778053.0
IDEA,BUY,1,14.18,2026-06-09,207778054.0
IDEA,BUY,1,14.18,2026-06-09,207778055.0
IDEA,BUY,1,14.18,2026-06-09,207778056.0
IDEA,BUY,1,14.18,2026-06-09,207778057.0
IDEA,BUY,1,14.18,2026-06-09,207778058.0
IDEA,BUY,1,14.18,2026-06-09,207778059.0
IDEA,BUY,1,14.18,2026-06-09,207778060.0
IDEA,BUY,1,14.18,2026-06-09,207778061.0
IDEA,BUY,1,14.18,2026-06-09,207778062.0
IDEA,BUY,1,14.18,2026-06-09,207778063.0
IDEA,BUY,1,14.18,2026-06-09,207778064.0
IDEA,BUY,1,14.18,2026-06-09,207778065.0
IDEA,BUY,1,14.18,2026-06-09,207778066.0
IDEA,BUY,1,14.18,2026-06-09,207778067.0
IDEA,BUY,1,14.18,2026-06-09,207778068.0
IDEA,BUY,1,14.18,2026-06-09,207778069.0
IDEA,BUY,1,14.18,2026-06-09,207778070.0
IDEA,BUY,1,14.18,2026-06-09,207778071.0
IDEA,BUY,1,14.18,2026-06-09,207778072.0
IDEA,BUY,1,14.18,2026-06-09,207778073.0
IDEA,BUY,1,14.18,2026-06-09,207778074.0
IDEA,BUY,1,14.18,2026-06-09,207778075.0
IDEA,BUY,1,14.18,2026-06-09,207778076.0
IDEA,BUY,1,14.18,2026-06-09,207778077.0
IDEA,BUY,1,14.18,2026-06-09,207778078.0
IDEA,BUY,1,14.18,2026-06-09,207778079.0
IDEA,BUY,1,14.18,2026-06-09,207778080.0
IDEA,BUY,1,14.18,2026-06-09,207778081.0
IDEA,BUY,1,14.18,2026-06-09,207778082.0
IDEA,BUY,1,14.18,2026-06-09,207778083.0
IDEA,BUY,1,14.18,2026-06-09,207778084.0
IDEA,BUY,1,14.18,2026-06-09,207778085.0
IDEA,BUY,1,14.18,2026-06-09,207778086.0
IDEA,BUY,1,14.18,2026-06-09,207778087.0
IDEA,BUY,1,14.18,2026-06-09,207778088.0
IDEA,BUY,1,14.18,2026-06-09,207778089.0
IDEA,BUY,1,14.18,2026-06-09,207778090.0
IDEA,BUY,1,14.18,2026-06-09,207778091.0
IDEA,BUY,1,14.18,2026-06-09,207778092.0
IDEA,BUY,1,14.18,2026-06-09,207778093.0
IDEA,BUY,1,14.18,2026-06-09,207778094.0
IDEA,BUY,1,14.18,2026-06-09,207778095.0
IDEA,BUY,1,14.18,2026-06-09,207778096.0
IDEA,BUY,1,14.18,2026-06-09,207778097.0
IDEA,BUY,119,14.18,2026-06-09,207778098.0
IDEA,BUY,1,14.18,2026-06-09,207778099.0
IDEA,BUY,1,14.18,2026-06-09,207778100.0
IDEA,BUY,1,14.18,2026-06-09,207778101.0
IDEA,BUY,1,14.18,2026-06-09,207778102.0
IDEA,BUY,1,14.18,2026-06-09,207778103.0
IDEA,BUY,1,14.18,2026-06-09,207778104.0
IDEA,BUY,1,14.18,2026-06-09,207778105.0
IDEA,BUY,1,14.18,2026-06-09,207778106.0
IDEA,BUY,1,14.18,2026-06-09,207778107.0
IDEA,BUY,1,14.18,2026-06-09,207778108.0
IDEA,BUY,1,14.18,2026-06-09,207778109.0
IDEA,BUY,1,14.18,2026-06-09,207778110.0
IDEA,BUY,1,14.18,2026-06-09,207778111.0
IDEA,BUY,1,14.18,2026-06-09,207778112.0
IDEA,BUY,1,14.18,2026-06-09,207778113.0
IDEA,BUY,1,14.18,2026-06-09,207778114.0
IDEA,BUY,1,14.18,2026-06-09,207778115.0
IDEA,BUY,1,14.18,2026-06-09,207778116.0
IDEA,BUY,1,14.18,2026-06-09,207778117.0
IDEA,BUY,1,14.18,2026-06-09,207778118.0
IDEA,BUY,1,14.18,2026-06-09,207778119.0
IDEA,BUY,1,14.18,2026-06-09,207778120.0
IDEA,BUY,1,14.18,2026-06-09,207778121.0
IDEA,BUY,1,14.18,2026-06-09,207778122.0
IDEA,BUY,1,14.18,2026-06-09,207778123.0
IDEA,BUY,1,14.18,2026-06-09,207778124.0
IDEA,BUY,1,14.18,2026-06-09,207778125.0
IDEA,BUY,1,14.18,2026-06-09,207778126.0
IDEA,BUY,1,14.18,2026-06-09,207778127.0
IDEA,BUY,1,14.18,2026-06-09,207778128.0
IDEA,BUY,1,14.18,2026-06-09,207778129.0
IDEA,BUY,1,14.18,2026-06-09,207778130.0
IDEA,BUY,1,14.18,2026-06-09,207778131.0
IDEA,BUY,1,14.18,2026-06-09,207778132.0
IDEA,BUY,1,14.18,2026-06-09,207778133.0
IDEA,BUY,1,14.18,2026-06-09,207778134.0
IDEA,BUY,1,14.18,2026-06-09,207778135.0
IDEA,BUY,1,14.18,2026-06-09,207778136.0
IDEA,BUY,1,14.18,2026-06-09,207778137.0
IDEA,BUY,1,14.18,2026-06-09,207778138.0
IDEA,BUY,1,14.18,2026-06-09,207778139.0
IDEA,BUY,1,14.18,2026-06-09,207778140.0
IDEA,BUY,1,14.18,2026-06-09,207778141.0
IDEA,BUY,1,14.18,2026-06-09,207778142.0
IDEA,BUY,1,14.18,2026-06-09,207778143.0
IDEA,BUY,1,14.18,2026-06-09,207778144.0
IDEA,BUY,1,14.18,2026-06-09,207778145.0
IDEA,BUY,1,14.18,2026-06-09,207778146.0
IDEA,BUY,1,14.18,2026-06-09,207778147.0
IDEA,BUY,1,14.18,2026-06-09,207778148.0
IDEA,BUY,1,14.18,2026-06-09,207778149.0
IDEA,BUY,1,14.18,2026-06-09,207778150.0
IDEA,BUY,1,14.18,2026-06-09,207778151.0
IDEA,BUY,1,14.18,2026-06-09,207778152.0
IDEA,BUY,1,14.18,2026-06-09,207778153.0
IDEA,BUY,1,14.18,2026-06-09,207778154.0
IDEA,BUY,1,14.18,2026-06-09,207778155.0
IDEA,BUY,1,14.18,2026-06-09,207778156.0
IDEA,BUY,1,14.18,2026-06-09,207778157.0
IDEA,BUY,1,14.18,2026-06-09,207778158.0
IDEA,BUY,1,14.18,2026-06-09,207778159.0
IDEA,BUY,1,14.18,2026-06-09,207778160.0
IDEA,BUY,1,14.18,2026-06-09,207778161.0
IDEA,BUY,1,14.18,2026-06-09,207778162.0
IDEA,BUY,1,14.18,2026-06-09,207778163.0
IDEA,BUY,1,14.18,2026-06-09,207778164.0
IDEA,BUY,1,14.18,2026-06-09,207778165.0
IDEA,BUY,1,14.18,2026-06-09,207778166.0
IDEA,BUY,1,14.18,2026-06-09,207778167.0
IDEA,BUY,1,14.18,2026-06-09,207778168.0
IDEA,BUY,1,14.18,2026-06-09,207778169.0
IDEA,BUY,1,14.18,2026-06-09,207778170.0
IDEA,BUY,1,14.18,2026-06-09,207778171.0
IDEA,BUY,1,14.18,2026-06-09,207778172.0
IDEA,BUY,1,14.18,2026-06-09,207778173.0
IDEA,BUY,1,14.18,2026-06-09,207778174.0
IDEA,BUY,1,14.18,2026-06-09,207778175.0
IDEA,BUY,1,14.18,2026-06-09,207778176.0
IDEA,BUY,1,14.18,2026-06-09,207778177.0
IDEA,BUY,1,14.18,2026-06-09,207778178.0
IDEA,BUY,1,14.18,2026-06-09,207778179.0
IDEA,BUY,1,14.18,2026-06-09,207778180.0
IDEA,BUY,1,14.18,2026-06-09,207778181.0
IDEA,BUY,1,14.18,2026-06-09,207778182.0
IDEA,BUY,1,14.18,2026-06-09,207778183.0
IDEA,BUY,1,14.18,2026-06-09,207778184.0
IDEA,BUY,1,14.18,2026-06-09,207778185.0
IDEA,BUY,1,14.18,2026-06-09,207778186.0
IDEA,BUY,1,14.18,2026-06-09,207778187.0
IDEA,BUY,1,14.18,2026-06-09,207778188.0
IDEA,BUY,1,14.18,2026-06-09,207778189.0
IDEA,BUY,1,14.18,2026-06-09,207778190.0
IDEA,BUY,1,14.18,2026-06-09,207778191.0
IDEA,BUY,1,14.18,2026-06-09,207778192.0
IDEA,BUY,1,14.18,2026-06-09,207778193.0
IDEA,BUY,1,14.18,2026-06-09,207778194.0
IDEA,BUY,1,14.18,2026-06-09,207778195.0
IDEA,BUY,1,14.18,2026-06-09,207778196.0
IDEA,BUY,1,14.18,2026-06-09,207778197.0
IDEA,BUY,1,14.18,2026-06-09,207778198.0
IDEA,BUY,1,14.18,2026-06-09,207778199.0
IDEA,BUY,1,14.18,2026-06-09,207778200.0
IDEA,BUY,1,14.18,2026-06-09,207778201.0
IDEA,BUY,1,14.18,2026-06-09,207778202.0
IDEA,BUY,1,14.18,2026-06-09,207778203.0
IDEA,BUY,1,14.18,2026-06-09,207778204.0
IDEA,BUY,1,14.18,2026-06-09,207778205.0
IDEA,BUY,1,14.18,2026-06-09,207778206.0
IDEA,BUY,1,14.18,2026-06-09,207778207.0
IDEA,BUY,1,14.18,2026-06-09,207778208.0
IDEA,BUY,1,14.18,2026-06-09,207778209.0
IDEA,BUY,1,14.18,2026-06-09,207778210.0
IDEA,BUY,1,14.18,2026-06-09,207778211.0
IDEA,BUY,1,14.18,2026-06-09,207778212.0
IDEA,BUY,1,14.18,2026-06-09,207778213.0
IDEA,BUY,1,14.18,2026-06-09,207778214.0
IDEA,BUY,1,14.18,2026-06-09,207778215.0
IDEA,BUY,1,14.18,2026-06-09,207778216.0
IDEA,BUY,1,14.18,2026-06-09,207778217.0
IDEA,BUY,1,14.18,2026-06-09,207778218.0
IDEA,BUY,1,14.18,2026-06-09,207778219.0
IDEA,BUY,1,14.18,2026-06-09,207778220.0
IDEA,BUY,1,14.18,2026-06-09,207778221.0
IDEA,BUY,1,14.18,2026-06-09,207778222.0
IDEA,BUY,1,14.18,2026-06-09,207778223.0
IDEA,BUY,1,14.18,2026-06-09,207778224.0
IDEA,BUY,1,14.18,2026-06-09,207778225.0
IDEA,BUY,1,14.18,2026-06-09,207778226.0
IDEA,BUY,1,14.18,2026-06-09,207778227.0
IDEA,BUY,1,14.18,2026-06-09,207778228.0
IDEA,BUY,1,14.18,2026-06-09,207778229.0
IDEA,BUY,1,14.18,2026-06-09,207778230.0
IDEA,BUY,1,14.18,2026-06-09,207778231.0
IDEA,BUY,1,14.18,2026-06-09,207778232.0
IDEA,BUY,1,14.18,2026-06-09,207778233.0
IDEA,BUY,1,14.18,2026-06-09,207778234.0
IDEA,BUY,1,14.18,2026-06-09,207778235.0
IDEA,BUY,1,14.18,2026-06-09,207778236.0
IDEA,BUY,1,14.18,2026-06-09,207778237.0
IDEA,BUY,1,14.18,2026-06-09,207778238.0
IDEA,BUY,1,14.18,2026-06-09,207778239.0
IDEA,BUY,1,14.18,2026-06-09,207778240.0
IDEA,BUY,1,14.18,2026-06-09,207778241.0
IDEA,BUY,1,14.18,2026-06-09,207778242.0
IDEA,BUY,1,14.18,2026-06-09,207778243.0
IDEA,BUY,1,14.18,2026-06-09,207778244.0
IDEA,BUY,1,14.18,2026-06-09,207778245.0
IDEA,BUY,1,14.18,2026-06-09,207778246.0
IDEA,BUY,1,14.18,2026-06-09,207778247.0
IDEA,BUY,1,14.18,2026-06-09,207778248.0
IDEA,BUY,1,14.18,2026-06-09,207778249.0
IDEA,BUY,1,14.18,2026-06-09,207778250.0
IDEA,BUY,1,14.18,2026-06-09,207778251.0
IDEA,BUY,1,14.18,2026-06-09,207778252.0
IDEA,BUY,1,14.18,2026-06-09,207778253.0
IDEA,BUY,1,14.18,2026-06-09,207778254.0
IDEA,BUY,1,14.18,2026-06-09,207778255.0
IDEA,BUY,1,14.18,2026-06-09,207778256.0
IDEA,BUY,1,14.18,2026-06-09,207778257.0
IDEA,BUY,1,14.18,2026-06-09,207778258.0
IDEA,BUY,1,14.18,2026-06-09,207778259.0
IDEA,BUY,1,14.18,2026-06-09,207778260.0
IDEA,BUY,1,14.18,2026-06-09,207778261.0
IDEA,BUY,1,14.18,2026-06-09,207778262.0
IDEA,BUY,1,14.18,2026-06-09,207778263.0
IDEA,BUY,1,14.18,2026-06-09,207778264.0
IDEA,BUY,1,14.18,2026-06-09,207778265.0
IDEA,BUY,1,14.18,2026-06-09,207778266.0
IDEA,BUY,1,14.18,2026-06-09,207778267.0
IDEA,BUY,1,14.18,2026-06-09,207778268.0
IDEA,BUY,1,14.18,2026-06-09,207778269.0
IDEA,BUY,1,14.18,2026-06-09,207778270.0
IDEA,BUY,1,14.18,2026-06-09,207778271.0
IDEA,BUY,1,14.18,2026-06-09,207778272.0
IDEA,BUY,1,14.18,2026-06-09,207778273.0
IDEA,BUY,1,14.18,2026-06-09,207778274.0
IDEA,BUY,1,14.18,2026-06-09,207778275.0
IDEA,BUY,1,14.18,2026-06-09,207778276.0
IDEA,BUY,1,14.18,2026-06-09,207778277.0
IDEA,BUY,1,14.18,2026-06-09,207778278.0
IDEA,BUY,1,14.18,2026-06-09,207778279.0
IDEA,BUY,1,14.18,2026-06-09,207778280.0
IDEA,BUY,1,14.18,2026-06-09,207778281.0
IDEA,BUY,1,14.18,2026-06-09,207778282.0
IDEA,BUY,1,14.18,2026-06-09,207778283.0
IDEA,BUY,1,14.18,2026-06-09,207778284.0
IDEA,BUY,1,14.18,2026-06-09,207778285.0
IDEA,BUY,1,14.18,2026-06-09,207778286.0
IDEA,BUY,1,14.18,2026-06-09,207778287.0
IDEA,BUY,1,14.18,2026-06-09,207778288.0
IDEA,BUY,1,14.18,2026-06-09,207778289.0
IDEA,BUY,1,14.18,2026-06-09,207778290.0
IDEA,BUY,119,14.18,2026-06-09,207778291.0
IDEA,BUY,1,14.18,2026-06-09,207778292.0
IDEA,BUY,1,14.18,2026-06-09,207778293.0
IDEA,BUY,1,14.18,2026-06-09,207778294.0
IDEA,BUY,1,14.18,2026-06-09,207778295.0
IDEA,BUY,1,14.18,2026-06-09,207778296.0
IDEA,BUY,1,14.18,2026-06-09,207778297.0
IDEA,BUY,1,14.18,2026-06-09,207778298.0
IDEA,BUY,1,14.18,2026-06-09,207778299.0
IDEA,BUY,1,14.18,2026-06-09,207778300.0
IDEA,BUY,1,14.18,2026-06-09,207778301.0
IDEA,BUY,1,14.18,2026-06-09,207778302.0
IDEA,BUY,1,14.18,2026-06-09,207778303.0
IDEA,BUY,1,14.18,2026-06-09,207778304.0
IDEA,BUY,1,14.18,2026-06-09,207778305.0
IDEA,BUY,1,14.18,2026-06-09,207778306.0
IDEA,BUY,1,14.18,2026-06-09,207778307.0
IDEA,BUY,1,14.18,2026-06-09,207778308.0
IDEA,BUY,1,14.18,2026-06-09,207778309.0
IDEA,BUY,1,14.18,2026-06-09,207778310.0
IDEA,BUY,1,14.18,2026-06-09,207778311.0
IDEA,BUY,1,14.18,2026-06-09,207778312.0
IDEA,BUY,1,14.18,2026-06-09,207778313.0
IDEA,BUY,1,14.18,2026-06-09,207778314.0
IDEA,BUY,1,14.18,2026-06-09,207778315.0
IDEA,BUY,1,14.18,2026-06-09,207778316.0
IDEA,BUY,1,14.18,2026-06-09,207778317.0
IDEA,BUY,1,14.18,2026-06-09,207778318.0
IDEA,BUY,1,14.18,2026-06-09,207778319.0
IDEA,BUY,1,14.18,2026-06-09,207778320.0
IDEA,BUY,1,14.18,2026-06-09,207778321.0
IDEA,BUY,1,14.18,2026-06-09,207778322.0
IDEA,BUY,1,14.18,2026-06-09,207778323.0
IDEA,BUY,1,14.18,2026-06-09,207778324.0
IDEA,BUY,1,14.18,2026-06-09,207778325.0
IDEA,BUY,1,14.18,2026-06-09,207778326.0
IDEA,BUY,1,14.18,2026-06-09,207778327.0
IDEA,BUY,1,14.18,2026-06-09,207778328.0
IDEA,BUY,1,14.18,2026-06-09,207778329.0
IDEA,BUY,1,14.18,2026-06-09,207778330.0
IDEA,BUY,1,14.18,2026-06-09,207778331.0
IDEA,BUY,1,14.18,2026-06-09,207778332.0
IDEA,BUY,1,14.18,2026-06-09,207778333.0
IDEA,BUY,1,14.18,2026-06-09,207778334.0
IDEA,BUY,1,14.18,2026-06-09,207778335.0
IDEA,BUY,1,14.18,2026-06-09,207778336.0
IDEA,BUY,1,14.18,2026-06-09,207778337.0
IDEA,BUY,1,14.18,2026-06-09,207778338.0
IDEA,BUY,1,14.18,2026-06-09,207778339.0
IDEA,BUY,1,14.18,2026-06-09,207778340.0
IDEA,BUY,1,14.18,2026-06-09,207778341.0
IDEA,BUY,1,14.18,2026-06-09,207778342.0
IDEA,BUY,1,14.18,2026-06-09,207778343.0
IDEA,BUY,1,14.18,2026-06-09,207778344.0
IDEA,BUY,1,14.18,2026-06-09,207778345.0
IDEA,BUY,1,14.18,2026-06-09,207778346.0
IDEA,BUY,1,14.18,2026-06-09,207778347.0
IDEA,BUY,1,14.18,2026-06-09,207778348.0
IDEA,BUY,1,14.18,2026-06-09,207778349.0
IDEA,BUY,1,14.18,2026-06-09,207778350.0
IDEA,BUY,1,14.18,2026-06-09,207778351.0
IDEA,BUY,1,14.18,2026-06-09,207778352.0
IDEA,BUY,1,14.18,2026-06-09,207778353.0
IDEA,BUY,1,14.18,2026-06-09,207778354.0
IDEA,BUY,1,14.18,2026-06-09,207778355.0
IDEA,BUY,1,14.18,2026-06-09,207778356.0
IDEA,BUY,1,14.18,2026-06-09,207778357.0
IDEA,BUY,1,14.18,2026-06-09,207778358.0
IDEA,BUY,1,14.18,2026-06-09,207778359.0
IDEA,BUY,1,14.18,2026-06-09,207778360.0
IDEA,BUY,1,14.18,2026-06-09,207778361.0
IDEA,BUY,1,14.18,2026-06-09,207778362.0
AVALON,SELL,3,1657.0,2026-06-09,625920.0
AVALON,SELL,1,1657.0,2026-06-09,625921.0
AVALON,SELL,2,1657.0,2026-06-09,625922.0
AVALON,SELL,3,1657.0,2026-06-09,625923.0
AVALON,SELL,1,1657.0,2026-06-09,625924.0
AVALON,SELL,3,1657.0,2026-06-09,625925.0
AVALON,SELL,1,1657.0,2026-06-09,625926.0
AVALON,SELL,3,1657.0,2026-06-09,625927.0
AVALON,SELL,1,1657.0,2026-06-09,625928.0
AVALON,SELL,3,1657.0,2026-06-09,625929.0
AVALON,SELL,1,1657.0,2026-06-09,625930.0
AVALON,SELL,3,1657.0,2026-06-09,625931.0
AVALON,SELL,1,1657.0,2026-06-09,625932.0
AVALON,SELL,3,1657.0,2026-06-09,625933.0
AVALON,SELL,1,1657.0,2026-06-09,625934.0
AVALON,SELL,3,1657.0,2026-06-09,625935.0
AVALON,SELL,1,1657.0,2026-06-09,625936.0
AVALON,SELL,3,1657.0,2026-06-09,625937.0
AVALON,SELL,14,1657.0,2026-06-09,625938.0
IDEA,BUY,3000,14.78,2026-06-08,207482783.0
LUMAXIND,BUY,3,5258.0,2026-06-08,404059674.0
MTARTECH,BUY,1,7125.0,2026-06-08,401750143.0
KERNEX,SELL,1,1895.4,2026-06-08,401252048.0
KERNEX,SELL,12,1893.0,2026-06-08,401102764.0
KERNEX,SELL,18,1893.0,2026-06-08,401100492.0
AVALON,BUY,50,1625.0,2026-06-05,4588433.0
LUMAXIND,SELL,1,5477.5,2026-06-05,404419051.0
LUMAXIND,SELL,1,5475.5,2026-06-05,404419052.0
KERNEX,BUY,10,1857.0,2026-06-05,402600003.0
KERNEX,BUY,20,1857.0,2026-06-05,402600004.0
WALCHANNAG,BUY,100,241.2,2026-06-04,608507469.0
IDEA,BUY,2000,14.95,2026-06-04,209759214.0
KERNEX,SELL,10,1910.0,2026-06-04,406945938.0
YESBANK,BUY,200,22.7,2026-06-04,604347054.0
ROSSTECH,BUY,20,1054.0,2026-06-04,604077837.0
KERNEX,BUY,10,1870.0,2026-06-04,400776765.0
WALCHANNAG,SELL,80,247.0,2026-06-04,600831078.0
AVALON,SELL,1,1550.1,2026-06-04,349263.0
AVALON,SELL,13,1550.0,2026-06-04,349264.0
AVALON,SELL,2,1549.9,2026-06-04,349265.0
AVALON,SELL,1,1549.9,2026-06-04,349266.0
AVALON,SELL,61,1549.9,2026-06-04,349267.0
AVALON,SELL,7,1549.9,2026-06-04,349268.0
AVALON,SELL,2,1549.9,2026-06-04,349269.0
AVALON,SELL,1,1549.9,2026-06-04,349270.0
AVALON,SELL,2,1549.9,2026-06-04,349271.0
BSE,BUY,2,3882.7,2026-06-03,5092859.0
IDEA,SELL,5000,14.35,2026-06-03,206238868.0
CUB,BUY,5,246.2,2026-06-03,2551008.0
APOLLO,BUY,50,417.65,2026-06-03,2172810.0
ROSSTECH,BUY,1,1082.0,2026-06-02,610515887.0
APOLLO,SELL,50,426.0,2026-06-02,6870436.0
WALCHANNAG,BUY,60,240.0,2026-06-01,607885777.0
WALCHANNAG,SELL,40,240.7,2026-06-01,607255721.0
WALCHANNAG,BUY,40,240.0,2026-06-01,607222586.0
APOLLO,BUY,50,414.65,2026-06-01,5123214.0
LT,SELL,1,4064.2,2026-06-01,404512698.0
LT,SELL,1,4064.2,2026-06-01,404512415.0
BHEL,BUY,2,410.15,2026-06-01,3745000.0
BHARATFORG,SELL,1,1942.5,2026-06-01,3731257.0
APEX,SELL,50,431.4,2026-06-01,3697275.0
AVALON,BUY,8,1490.0,2026-06-01,2481697.0
AVALON,BUY,12,1490.1,2026-06-01,2481698.0
AVALON,BUY,20,1498.0,2026-06-01,2444893.0
BHARATFORG,BUY,1,1930.0,2026-06-01,1902904.0
BHARATFORG,SELL,1,1927.0,2026-06-01,1812311.0
APOLLO,SELL,50,428.7,2026-06-01,899884.0
WALCHANNAG,BUY,20,254.0,2026-05-29,609837940.0
JPPOWER,BUY,67,22.05,2026-05-29,209948387.0
JPPOWER,BUY,33,22.05,2026-05-29,209948388.0
NETWEB,SELL,5,4570.0,2026-05-29,406203000.0
IDEA,BUY,5000,14.2,2026-05-29,206731725.0
BSE,BUY,5,4177.3,2026-05-29,1779225.0
APOLLO,BUY,50,415.2,2026-05-29,583295.0
AVALON,BUY,40,1497.4,2026-05-27,7974191.0
AVALON,BUY,11,1497.4,2026-05-27,7897232.0
JPPOWER,BUY,100,22.92,2026-05-27,208524137.0
KERNEX,SELL,4,1488.5,2026-05-27,401114139.0
KERNEX,SELL,33,1488.5,2026-05-27,401114140.0
KERNEX,SELL,35,1488.5,2026-05-27,401114141.0
KERNEX,SELL,7,1488.5,2026-05-27,401114142.0
KERNEX,SELL,21,1488.5,2026-05-27,401097052.0
AVALON,SELL,25,1520.0,2026-05-27,734945.0
AVALON,SELL,25,1519.6,2026-05-27,734946.0
IDEA,SELL,6000,14.14,2026-05-26,209763090.0
WALCHANNAG,SELL,50,265.84,2026-05-26,608332720.0
IDEA,BUY,1500,14.0,2026-05-26,203731848.0
IDEA,BUY,1500,14.03,2026-05-26,201623726.0
APOLLO,SELL,50,410.9,2026-05-26,958875.0
APOLLO,BUY,50,408.8,2026-05-26,301937.0
AVALON,BUY,7,1524.5,2026-05-26,213198.0
AVALON,BUY,4,1524.5,2026-05-26,213199.0
AVALON,BUY,12,1524.5,2026-05-26,213200.0
AVALON,BUY,21,1524.8,2026-05-26,213201.0
AVALON,BUY,6,1524.9,2026-05-26,213202.0
YESBANK,SELL,2100,22.29,2026-05-25,608890330.0
AVALON,BUY,7,1513.8,2026-05-25,7054139.0
AVALON,BUY,18,1513.9,2026-05-25,7054140.0
AVALON,BUY,3,1513.9,2026-05-25,7054141.0
AVALON,BUY,1,1513.9,2026-05-25,7054142.0
AVALON,BUY,8,1513.9,2026-05-25,7054143.0
AVALON,BUY,3,1513.9,2026-05-25,7054144.0
IDEA,BUY,3000,13.81,2026-05-25,206165344.0
AVALON,SELL,40,1525.0,2026-05-25,3529788.0
APOLLO,SELL,50,398.0,2026-05-25,3244142.0
BSE,SELL,6,4265.0,2026-05-25,2183959.0
AVALON,SELL,40,1510.0,2026-05-25,1816056.0
MTARTECH,BUY,1,8020.0,2026-05-22,407415435.0
IDEA,SELL,7000,13.72,2026-05-22,205691234.0
AVALON,BUY,40,1478.8,2026-05-22,146486.0
IDEA,BUY,5000,13.58,2026-05-21,210398514.0
AVALON,SELL,50,1492.8,2026-05-21,5580208.0
KERNEX,BUY,10,1365.0,2026-05-21,403335828.0
BSE,BUY,5,4220.0,2026-05-21,3023568.0
APOLLO,BUY,50,360.0,2026-05-21,2969135.0
SMLMAH,SELL,2,3782.7,2026-05-21,603417349.0
HAL,SELL,1,4357.5,2026-05-21,203944109.0
IDEAFORGE,SELL,4,747.0,2026-05-21,203885877.0
AVALON,BUY,50,1469.8,2026-05-21,878613.0
IDEA,BUY,2000,13.65,2026-05-21,200849431.0
BSE,SELL,5,4227.0,2026-05-20,7623326.0
BSE,BUY,5,4155.0,2026-05-20,2806810.0
APOLLO,BUY,1,339.2,2026-05-19,6941240.0
AVALON,SELL,75,1360.0,2026-05-19,5457475.0
IDEA,SELL,5000,13.2,2026-05-19,203909951.0
APOLLO,SELL,20,338.0,2026-05-19,1526752.0
IDEA,BUY,5000,12.88,2026-05-19,201591435.0
APOLLO,SELL,11,337.1,2026-05-19,1017338.0
APOLLO,BUY,20,336.85,2026-05-19,1003243.0
IDEA,SELL,157,13.0,2026-05-18,212857517.0
IDEA,SELL,1000,13.0,2026-05-18,212857576.0
IDEA,SELL,500,13.0,2026-05-18,212857717.0
IDEA,SELL,8343,13.0,2026-05-18,212857732.0
BSE,SELL,3,4124.8,2026-05-18,8276949.0
BSE,SELL,2,4124.8,2026-05-18,8276510.0
BSE,SELL,4,4124.8,2026-05-18,8276527.0
APOLLO,SELL,40,316.0,2026-05-18,8132121.0
AVALON,BUY,23,1303.3,2026-05-18,5746434.0
AVALON,BUY,2,1303.3,2026-05-18,5745685.0
AVALON,BUY,49,1303.3,2026-05-18,5742918.0
AVALON,BUY,1,1303.3,2026-05-18,5741758.0
KERNEX,BUY,10,1352.0,2026-05-18,404948974.0
AVALON,SELL,61,1350.6,2026-05-18,3922437.0
IDEA,BUY,1284,12.48,2026-05-18,204953179.0
IDEA,BUY,716,12.48,2026-05-18,204953201.0
APOLLO,BUY,10,285.0,2026-05-18,2461261.0
APEX,BUY,50,419.0,2026-05-18,2164957.0
YESBANK,BUY,500,21.62,2026-05-18,601149209.0
IDEA,BUY,100,12.75,2026-05-15,208427806.0
IDEA,BUY,8000,12.8,2026-05-15,207319054.0
IDEA,SELL,5000,13.05,2026-05-15,203692410.0
IDEA,BUY,5000,12.87,2026-05-15,200603154.0
IDEA,SELL,5000,13.05,2026-05-14,210663883.0
APOLLO,BUY,10,297.5,2026-05-14,1829989.0
SCI,SELL,40,328.05,2026-05-14,602155611.0
SCI,SELL,10,328.55,2026-05-14,602116809.0
IDEA,BUY,5000,12.85,2026-05-14,201582199.0
YESBANK,BUY,1600,22.08,2026-05-13,611407960.0
YESBANK,SELL,1300,22.55,2026-05-13,605484847.0
IDEA,BUY,1,12.65,2026-05-13,205731627.0
IDEA,SELL,10001,12.65,2026-05-13,205501096.0
YESBANK,BUY,500,22.03,2026-05-13,601552944.0
AVALON,BUY,30,1295.0,2026-05-12,8738664.0
KERNEX,BUY,20,1425.0,2026-05-12,406888767.0
KERNEX,BUY,10,1425.0,2026-05-12,406888769.0
YESBANK,BUY,800,22.3,2026-05-12,605643046.0
IDEA,BUY,2000,11.65,2026-05-12,204493750.0
GRSE,BUY,2,2875.0,2026-05-12,203858954.0
GRSE,BUY,1,2875.0,2026-05-12,203858980.0
AVALON,BUY,10,1301.8,2026-05-12,1104481.0
APOLLO,BUY,30,300.65,2026-05-12,901892.0
STLTECH,SELL,5,400.95,2026-05-12,600858721.0
AVALON,BUY,20,1342.8,2026-05-11,7772877.0
YESBANK,SELL,500,23.05,2026-05-11,608669325.0
IDEA,BUY,604,12.37,2026-05-11,209073586.0
IDEA,BUY,1500,12.37,2026-05-11,209073587.0
IDEA,BUY,1000,12.37,2026-05-11,209073588.0
IDEA,BUY,4896,12.37,2026-05-11,209073589.0
KERNEX,BUY,50,1552.0,2026-05-11,406536919.0
GRSE,BUY,8,2964.0,2026-05-11,201840208.0
BSE,BUY,3,3855.9,2026-05-11,1367597.0
BSE,BUY,2,3855.9,2026-05-11,1367598.0
SBIN,BUY,10,984.8,2026-05-11,600638813.0
METROPOLIS,SELL,12,569.45,2026-05-08,405476088.0
YESBANK,BUY,500,22.28,2026-05-08,604591501.0
STLTECH,BUY,5,375.95,2026-05-08,603775880.0
APOLLO,SELL,10,318.0,2026-05-08,3116569.0
IDEA,SELL,3000,11.42,2026-05-08,203510432.0
DATAPATTNS,BUY,1,4140.3,2026-05-08,202806952.0
APOLLO,BUY,1,317.85,2026-05-08,1353971.0
APOLLO,BUY,9,317.9,2026-05-08,1353972.0
APOLLO,SELL,80,315.6,2026-05-07,4070085.0
AUBANK,SELL,9,1022.9,2026-05-07,2749496.0
AUBANK,SELL,11,1022.9,2026-05-07,2749497.0
BAJFINANCE,SELL,7,978.1,2026-05-07,2276947.0
IDEA,BUY,943,11.18,2026-05-07,201828199.0
IDEA,BUY,2057,11.18,2026-05-07,201828200.0
AVALON,SELL,40,1236.0,2026-05-07,425336.0
IDEAFORGE,BUY,2,801.95,2026-05-06,211284087.0
IDEA,SELL,11500,11.38,2026-05-06,207625839.0
EMBASSY-RR,SELL,1,421.61,2026-05-06,207486553.0
BIRET-RR,SELL,1,320.01,2026-05-06,5453272.0
MTARTECH,SELL,3,6239.0,2026-05-06,406080064.0
GRSE,BUY,1,3054.7,2026-05-06,207252130.0
APEX,SELL,10,457.25,2026-05-06,5324287.0
RBLBANK,SELL,30,335.6,2026-05-06,606679677.0
ANGELONE,SELL,40,314.4,2026-05-06,5250853.0
WALCHANNAG,BUY,50,251.0,2026-05-06,606040845.0
KERNEX,SELL,100,1387.0,2026-05-06,404463944.0
GRSE,SELL,10,3057.0,2026-05-06,204306320.0
YESBANK,SELL,2900,21.42,2026-05-06,603192833.0
AVALON,BUY,20,1152.0,2026-05-06,1358412.0
AVALON,BUY,20,1158.0,2026-05-06,771725.0
KERNEX,BUY,100,1350.0,2026-05-05,405739310.0
BEL,SELL,2,434.15,2026-05-05,1355955.0
KERNEX,SELL,100,1392.0,2026-05-05,401136792.0
AVALON,SELL,100,1182.0,2026-05-05,37309.0
WALCHANNAG,SELL,50,241.7,2026-05-04,603274951.0
COCHINSHIP,BUY,2,1718.8,2026-04-30,3140342.0
RBLBANK,BUY,10,334.8,2026-04-30,603517719.0
APOLLO,BUY,9,295.57,2026-04-29,6769007.0
APOLLO,BUY,21,295.57,2026-04-29,6769008.0
DATAPATTNS,BUY,1,4091.9,2026-04-29,208309098.0
CUB,BUY,5,279.0,2026-04-28,3680626.0
LUMAXTECH,BUY,1,1677.6,2026-04-28,403542071.0
CUB,BUY,20,282.99,2026-04-28,2784258.0
KERNEX,BUY,33,1351.0,2026-04-28,402851860.0
KERNEX,BUY,17,1351.0,2026-04-28,402851795.0
KERNEX,BUY,50,1350.0,2026-04-28,402710884.0
KERNEX,SELL,50,1357.7,2026-04-28,401379937.0
APOLLO,BUY,50,301.5,2026-04-28,845765.0
KERNEX,BUY,50,1355.2,2026-04-28,400367213.0
AUBANK,BUY,6,1031.85,2026-04-27,7537699.0
MAHABANK,SELL,17,79.56,2026-04-27,405237231.0
MAHABANK,SELL,1,79.56,2026-04-27,405237232.0
MAHABANK,SELL,2,79.56,2026-04-27,405237233.0
KERNEX,SELL,50,1334.0,2026-04-27,405053573.0
AUBANK,BUY,4,1043.55,2026-04-27,4492969.0
AUBANK,BUY,3,1039.4,2026-04-27,3523178.0
APOLLO,SELL,100,302.9,2026-04-27,2707794.0
AMBER,SELL,1,8000.0,2026-04-27,2006970.0
APOLLO,BUY,20,282.0,2026-04-24,7977017.0
KERNEX,BUY,50,1276.0,2026-04-24,400184852.0
AUBANK,BUY,7,1057.2,2026-04-23,7031978.0
AUBANK,SELL,7,1058.4,2026-04-23,6680833.0
WATERBASE,SELL,3,49.9,2026-04-23,5878900.0
KERNEX,SELL,30,1274.0,2026-04-23,405468454.0
WATERBASE,SELL,1,49.9,2026-04-23,5741100.0
APOLLO,BUY,30,280.0,2026-04-23,2556829.0
WALCHANNAG,BUY,9,212.5,2026-04-23,602481527.0
WALCHANNAG,BUY,41,212.5,2026-04-23,602481528.0
KERNEX,BUY,10,1229.0,2026-04-22,407942900.0
APOLLO,BUY,24,286.59,2026-04-22,7763697.0
APOLLO,BUY,26,286.59,2026-04-22,7763698.0
RBLBANK,BUY,15,319.0,2026-04-22,607151149.0
VEDL,BUY,1,760.0,2026-04-22,605201553.0
WALCHANNAG,SELL,100,194.5,2026-04-22,604177895.0
KERNEX,BUY,20,1222.0,2026-04-22,400675514.0
WALCHANNAG,BUY,100,190.8,2026-04-21,607156170.0
VEDL,BUY,2,766.0,2026-04-21,606518872.0
APEX,BUY,5,487.0,2026-04-21,4383034.0
KERNEX,SELL,60,1190.0,2026-04-21,403583428.0
WALCHANNAG,BUY,1,193.25,2026-04-21,603200270.0
WALCHANNAG,SELL,36,193.34,2026-04-21,602130193.0
WALCHANNAG,SELL,59,193.34,2026-04-21,602130194.0
WALCHANNAG,SELL,5,193.33,2026-04-21,602130195.0
APOLLO,SELL,50,292.0,2026-04-21,1435261.0
APOLLO,BUY,30,288.6,2026-04-21,332776.0
APOLLO,BUY,20,295.4,2026-04-20,1915938.0
APOLLO,SELL,70,297.04,2026-04-20,1672128.0
AVALON,BUY,46,1109.3,2026-04-20,1561900.0
AVALON,BUY,4,1109.3,2026-04-20,1561064.0
BSE,BUY,3,3520.0,2026-04-20,1262819.0
BSE,BUY,2,3562.8,2026-04-20,717085.0
KERNEX,BUY,36,1164.05,2026-04-20,400450631.0
KERNEX,BUY,24,1164.1,2026-04-20,400450632.0
APOLLO,BUY,70,280.84,2026-04-20,359554.0
AVALON,BUY,6,1106.95,2026-04-20,205988.0
AVALON,BUY,5,1107.0,2026-04-20,205989.0
AVALON,BUY,21,1107.0,2026-04-20,205990.0
AVALON,BUY,1,1107.0,2026-04-20,205991.0
AVALON,BUY,17,1107.15,2026-04-20,205992.0
AVALON,SELL,45,1120.0,2026-04-17,8347780.0
RBLBANK,BUY,5,316.0,2026-04-17,608901047.0
APOLLO,SELL,69,282.01,2026-04-17,7099254.0
COCHINSHIP,BUY,1,1555.3,2026-04-17,7031026.0
AVALON,BUY,15,1096.0,2026-04-17,2359824.0
KERNEX,SELL,119,1175.0,2026-04-17,401184120.0
AVALON,BUY,30,1103.0,2026-04-17,744105.0
MTARTECH,BUY,1,4815.0,2026-04-16,408564844.0
AVALON,SELL,13,1102.15,2026-04-16,7919647.0
AVALON,SELL,1,1102.15,2026-04-16,7918410.0
AVALON,SELL,65,1102.15,2026-04-16,7916466.0
AVALON,BUY,5,1105.0,2026-04-16,4409863.0
AVALON,BUY,37,1105.0,2026-04-16,4409864.0
AVALON,BUY,38,1105.15,2026-04-16,4409865.0
AVALON,SELL,13,1098.6,2026-04-16,419001.0
AVALON,SELL,14,1098.6,2026-04-16,419002.0
AVALON,SELL,3,1098.6,2026-04-16,208369.0
AVALON,SELL,29,1098.6,2026-04-16,208370.0
BSE,SELL,1,3318.0,2026-04-13,4637591.0
BSE,SELL,4,3318.0,2026-04-13,4637017.0
BSE,BUY,5,3240.4,2026-04-13,145197.0
BSE,SELL,10,3310.0,2026-04-10,3943813.0
APOLLO,BUY,20,238.37,2026-04-10,446203.0
BSE,BUY,5,3298.6,2026-04-10,384598.0
AVALON,BUY,59,1053.3,2026-04-10,81044.0
AVALON,SELL,1,1048.0,2026-04-09,6550813.0
AVALON,SELL,67,1048.0,2026-04-09,6550917.0
AVALON,SELL,1,1048.0,2026-04-09,6550587.0
AVALON,SELL,10,1025.0,2026-04-09,2910758.0
AVALON,BUY,10,1011.75,2026-04-09,491434.0
RMDRIP,BUY,1,41.16,2026-04-01,607763808.0
AVALON,BUY,10,930.0,2026-04-01,5128630.0
BHEL,BUY,2,255.0,2026-04-01,4304405.0
