symbol,sell_date,buy_dates,qty,sell_price,pnl,pnl_pct
ANGELONE,16-02-2026,10-02-2026,1,2554.6,-229.5999999999999,-8.246534013361106
ANGELONE,16-02-2026,13-02-2026,1,2555.8,-139.0,-5.1580822324476765
ANGELONE,16-02-2026,16-02-2026,1,2554.0,-19.40000000000009,-0.753866480143005
APOLLO,13-02-2026,01-02-2026,29,231.9,-607.8999999999999,-8.289922269194053
APOLLO,13-02-2026,01-02-2026,11,231.85,-221.65000000000006,-7.996031746031748
APOLLO,13-02-2026,13-02-2026,40,233.5,110.0,1.191765980498375
APOLLO,16-02-2026,13-02-2026,15,230.05,-26.25,-0.7549611734253667
APOLLO,16-02-2026,13-02-2026,25,230.05,-43.75,-0.7549611734253667
AVALON,03-02-2026,UNKNOWN (Orphan),5,1022.7,0.0,0.0
BSE,04-02-2026,01-02-2026,34,2885.5,9835.7,12.818701591178339
BSE,13-02-2026,05-01-2026,1,3026.5,338.0,12.572066207922633
BSE,13-02-2026,05-01-2026,1,3023.5,335.0,12.460479821461782
BSE,13-02-2026,05-01-2026,1,3023.6,335.0999999999999,12.46419936767714
CANBK,13-02-2026,02-03-2026,20,141.75,-206.00000000000023,-6.774087471226578
CANBK,13-02-2026,02-03-2026,13,141.9,-131.95000000000007,-6.675435711936867
CANBK,13-02-2026,02-03-2026,1,141.9,-10.150000000000006,-6.675435711936867
CANBK,13-02-2026,02-03-2026,6,141.9,-60.900000000000034,-6.675435711936867
CANBK,16-02-2026,02-03-2026,10,144.52,-75.30000000000001,-4.952318316343309
CANBK,16-02-2026,13-02-2026,10,144.51,27.19999999999999,1.9183299245362857
CANBK,16-02-2026,13-02-2026,10,144.61,28.200000000000216,1.9888567599971942
CANBK,23-02-2026,13-02-2026,30,156.39,437.7499999999993,10.290435947766175
DATAPATTNS,09-02-2026,01-02-2026,1,2766.7,94.69999999999982,3.5441616766466995
DATAPATTNS,09-02-2026,01-02-2026,4,2766.7,378.7999999999993,3.5441616766466995
DATAPATTNS,09-02-2026,06-02-2026,2,2766.7,373.39999999999964,7.236434108527125
GOLDBEES,28-01-2026,02-02-2026,5,135.38,84.94999999999997,14.350874229242331
GOLDCASE,13-02-2026,UNKNOWN (Orphan),100,23.99,0.0,0.0
GOLDCASE,13-02-2026,UNKNOWN (Orphan),146,23.98,0.0,0.0
GOLDCASE,13-02-2026,UNKNOWN (Orphan),5,23.98,0.0,0.0
GOLDCASE,13-02-2026,UNKNOWN (Orphan),10,23.98,0.0,0.0
GOLDCASE,13-02-2026,UNKNOWN (Orphan),39,23.98,0.0,0.0
GRSE,16-02-2026,16-02-2026,10,2431.1,10.99999999999909,0.04526748971193042
HDFCBANK,16-02-2026,13-02-2026,5,927.65,65.99999999999966,1.4434906227787119
HINDCOPPER,13-02-2026,13-02-2026,1,590.6,1.2000000000000455,0.20359687818120895
HINDCOPPER,13-02-2026,13-02-2026,59,590.5,64.90000000000134,0.18663047166610497
HINDCOPPER,13-02-2026,13-02-2026,10,597.8,52.999999999999545,0.8945147679324817
HINDCOPPER,13-02-2026,13-02-2026,1,597.8,5.2999999999999545,0.8945147679324817
HINDCOPPER,13-02-2026,13-02-2026,1,597.8,5.2999999999999545,0.8945147679324817
HINDCOPPER,13-02-2026,13-02-2026,1,597.8,5.2999999999999545,0.8945147679324817
HINDCOPPER,13-02-2026,13-02-2026,1,597.8,5.2999999999999545,0.8945147679324817
HINDCOPPER,13-02-2026,13-02-2026,2,597.8,10.599999999999909,0.8945147679324817
HINDCOPPER,13-02-2026,13-02-2026,1,597.8,5.2999999999999545,0.8945147679324817
HINDCOPPER,13-02-2026,13-02-2026,43,597.75,225.75,0.8860759493670887
HINDCOPPER,16-02-2026,16-02-2026,33,575.85,-3.4000000000006594,-0.017888664111397234
HINDCOPPER,16-02-2026,16-02-2026,27,575.8,-5.400000000001228,-0.03472222222223011
IDEA,03-02-2026,01-02-2026,3000,11.4,1799.999999999999,5.555555555555553
IDEA,09-02-2026,"02-03-2026, 04-02-2026",4000,11.54,1404.9999999999968,3.1393140431236666
IDEA,12-02-2026,"05-01-2026, 12-01-2026, 04-02-2026",4000,11.55,340.1100000000007,2.001066105608002
IDEA,18-02-2026,12-02-2026,4000,11.63,1080.0000000000055,2.376760563380294
IDEA,30-01-2026,13-02-2026,4000,11.12,-930.0000000000024,-2.048007046905973
ITBEES,13-02-2026,02-02-2026,50,35.97,-298.49999999999994,-14.2346208869814
KERNEX,01-02-2026,01-02-2026,4,1221.3,-50.0,-1.0131301669638515
KERNEX,01-02-2026,01-02-2026,16,1221.3,-200.70000000000095,-1.0166400729427902
LUMAXTECH,12-02-2026,"10-02-2026, 11-02-2026",2,1755.0,204.29999999999995,6.18023414102913
MICEL,28-01-2026,21-01-2026,5,38.64,22.80000000000001,13.380281690140853
MOSCHIP,28-01-2026,13-02-2026,5,184.25,-33.25000000000003,-3.4834992142483006
MOSCHIP,28-01-2026,13-02-2026,2,184.38,-13.019999999999982,-3.4103410341034057
MOSCHIP,28-01-2026,13-02-2026,1,184.38,-6.509999999999991,-3.4103410341034057
MOSCHIP,28-01-2026,13-02-2026,2,184.33,-13.119999999999948,-3.436534129603423
MOSCHIP,30-01-2026,21-01-2026,5,203.01,137.8,15.708178968367056
MOTHERSON,19-02-2026,"10-02-2026, 11-02-2026",2,133.16,1.799999999999983,0.6804778466656521
MTARTECH,05-02-2026,01-02-2026,5,3228.0,1280.0,8.613728129205922
NETWEB,16-02-2026,"02-02-2026, 12-02-2026",2,3074.1,-344.8000000000002,-5.3103342060680765
NETWEB,19-02-2026,16-02-2026,2,3520.0,897.5,14.61131461131461
NETWEB,20-02-2026,UNKNOWN (Orphan),3,3530.0,0.0,0.0
PNB,23-02-2026,02-03-2026,1,132.29,7.589999999999989,6.0866078588612575
PNB,23-02-2026,02-03-2026,19,132.25,143.44999999999993,6.054530874097831
SILVERCASE,13-02-2026,UNKNOWN (Orphan),300,24.78,0.0,0.0
TATASTEEL,22-01-2026,21-01-2026,5,188.59,34.950000000000045,3.8491189427312826
TATASTEEL,28-01-2026,UNKNOWN (Orphan),5,193.8,0.0,0.0
TATSILV,13-02-2026,UNKNOWN (Orphan),5,23.66,0.0,0.0
UNICHEMLAB,05-02-2026,UNKNOWN (Orphan),5,436.0,0.0,0.0
WALCHANNAG,16-02-2026,"03-02-2026, 01-02-2026, 04-02-2026",54,168.37,-895.0199999999998,-8.961850405527183
WALCHANNAG,16-02-2026,"12-02-2026, 04-02-2026",33,168.32,-250.96999999999994,-4.322947258906593
WALCHANNAG,16-02-2026,12-02-2026,13,168.32,-84.10999999999999,-3.701584758853481
YESBANK,09-02-2026,02-03-2026,1000,21.63,1609.9999999999995,8.04195804195804
