Trade Date,Exchange,Buy / Sell,Scrip / Contract,Qty,Price,Trade Id,symbol,side,qty,price
23-02-2026,NSEEQ,Buy,AMBER-EQ,1.0,7749.5,374353.0,AMBER,BUY,1,7749.5
10-02-2026,NSEEQ,Buy,ANGELONE-EQ,1.0,2784.2,5796611.0,ANGELONE,BUY,1,2784.2
13-02-2026,NSEEQ,Buy,ANGELONE-EQ,1.0,2694.8,1057461.0,ANGELONE,BUY,1,2694.8
16-02-2026,NSEEQ,Buy,ANGELONE-EQ,2.0,2573.4,5716155.0,ANGELONE,BUY,2,2573.4
16-02-2026,NSEEQ,Buy,ANGELONE-EQ,2.0,2573.7,5715426.0,ANGELONE,BUY,2,2573.7
16-02-2026,NSEEQ,Sell,ANGELONE-EQ,1.0,2555.8,3842078.0,ANGELONE,SELL,1,2555.8
16-02-2026,NSEEQ,Sell,ANGELONE-EQ,1.0,2554.0,3811675.0,ANGELONE,SELL,1,2554.0
16-02-2026,NSEEQ,Buy,ANGELONE-EQ,1.0,2553.4,722019.0,ANGELONE,BUY,1,2553.4
02-03-2026,NSEEQ,Buy,APEX-EQ,3.0,377.0,7462150.0,APEX,BUY,3,377.0
19-02-2026,NSEEQ,Buy,APEX-EQ,2.0,441.5,5030015.0,APEX,BUY,2,441.5
01-02-2026,NSEEQ,Buy,APOLLO-EQ,20.0,253.25,5458698.0,APOLLO,BUY,20,253.25
01-02-2026,NSEEQ,Buy,APOLLO-EQ,20.0,252.0,3642713.0,APOLLO,BUY,20,252.0
13-02-2026,NSEEQ,Buy,APOLLO-EQ,34.0,230.75,7243763.0,APOLLO,BUY,34,230.75
13-02-2026,NSEEQ,Buy,APOLLO-EQ,6.0,230.75,7243764.0,APOLLO,BUY,6,230.75
13-02-2026,NSEEQ,Sell,APOLLO-EQ,29.0,231.9,6957793.0,APOLLO,SELL,29,231.9
13-02-2026,NSEEQ,Sell,APOLLO-EQ,11.0,231.85,6957794.0,APOLLO,SELL,11,231.85
13-02-2026,NSEEQ,Buy,APOLLO-EQ,40.0,231.8,6827429.0,APOLLO,BUY,40,231.8
16-02-2026,NSEEQ,Buy,APOLLO-EQ,40.0,230.5,5726440.0,APOLLO,BUY,40,230.5
16-02-2026,NSEEQ,Sell,APOLLO-EQ,15.0,230.05,3807192.0,APOLLO,SELL,15,230.05
16-02-2026,NSEEQ,Sell,APOLLO-EQ,25.0,230.05,3807193.0,APOLLO,SELL,25,230.05
23-02-2026,NSEEQ,Buy,AUBANK-EQ,5.0,953.0,1126434.0,AUBANK,BUY,5,953.0
03-02-2026,NSEEQ,Sell,AVALON-EQ,5.0,1022.7,1586380.0,AVALON,SELL,5,1022.7
05-02-2026,NSEEQ,Buy,AVALON-EQ,25.0,972.0,1256027.0,AVALON,BUY,25,972.0
05-02-2026,NSEEQ,Buy,AVALON-EQ,2.0,972.0,1256028.0,AVALON,BUY,2,972.0
05-02-2026,NSEEQ,Buy,AVALON-EQ,3.0,968.0,1192061.0,AVALON,BUY,3,968.0
05-02-2026,NSEEQ,Buy,AVALON-EQ,1.0,1018.8,399134.0,AVALON,BUY,1,1018.8
05-02-2026,NSEEQ,Buy,AVALON-EQ,3.0,1018.85,399135.0,AVALON,BUY,3,1018.85
05-02-2026,NSEEQ,Buy,AVALON-EQ,26.0,1019.0,399136.0,AVALON,BUY,26,1019.0
30-01-2026,NSEEQ,Buy,AVALON-EQ,5.0,840.0,807073.0,AVALON,BUY,5,840.0
09-01-2026,NSEEQ,Buy,BAJFINANCE-EQ,5.0,970.0,2926644.0,BAJFINANCE,BUY,5,970.0
12-02-2026,NSEEQ,Buy,BHARATFORG-EQ,1.0,1746.6,5981640.0,BHARATFORG,BUY,1,1746.6
20-01-2026,BSEEQ,Buy,BIRET-IF,1.0,344.8,1120500.0,BIRET-IF,BUY,1,344.8
01-02-2026,NSEEQ,Buy,BSE-EQ,10.0,2600.0,4903387.0,BSE,BUY,10,2600.0
01-02-2026,NSEEQ,Buy,BSE-EQ,10.0,2571.2,4727562.0,BSE,BUY,10,2571.2
01-02-2026,NSEEQ,Buy,BSE-EQ,9.0,2500.0,4265458.0,BSE,BUY,9,2500.0
01-02-2026,NSEEQ,Buy,BSE-EQ,1.0,2517.3,3455625.0,BSE,BUY,1,2517.3
04-02-2026,NSEEQ,Sell,BSE-EQ,34.0,2885.5,788995.0,BSE,SELL,34,2885.5
05-01-2026,NSEEQ,Buy,BSE-EQ,5.0,2688.5,3918406.0,BSE,BUY,5,2688.5
13-02-2026,NSEEQ,Buy,BSE-EQ,2.0,3025.9,7205057.0,BSE,BUY,2,3025.9
13-02-2026,NSEEQ,Sell,BSE-EQ,1.0,3023.5,6961926.0,BSE,SELL,1,3023.5
13-02-2026,NSEEQ,Buy,BSE-EQ,1.0,3024.0,6896789.0,BSE,BUY,1,3024.0
13-02-2026,NSEEQ,Buy,BSE-EQ,1.0,3024.0,6896790.0,BSE,BUY,1,3024.0
13-02-2026,NSEEQ,Sell,BSE-EQ,1.0,3023.6,5972950.0,BSE,SELL,1,3023.6
16-02-2026,NSEEQ,Buy,BSE-EQ,10.0,2808.6,768443.0,BSE,BUY,10,2808.6
02-03-2026,NSEEQ,Buy,CANBK-EQ,50.0,152.05,5734931.0,CANBK,BUY,50,152.05
13-02-2026,NSEEQ,Buy,CANBK-EQ,25.0,141.79,7110105.0,CANBK,BUY,25,141.79
13-02-2026,NSEEQ,Buy,CANBK-EQ,25.0,141.8,6937332.0,CANBK,BUY,25,141.8
13-02-2026,NSEEQ,Sell,CANBK-EQ,13.0,141.9,5975356.0,CANBK,SELL,13,141.9
13-02-2026,NSEEQ,Sell,CANBK-EQ,1.0,141.9,5975357.0,CANBK,SELL,1,141.9
13-02-2026,NSEEQ,Sell,CANBK-EQ,6.0,141.9,5975358.0,CANBK,SELL,6,141.9
16-02-2026,NSEEQ,Buy,CANBK-EQ,30.0,145.71,5744271.0,CANBK,BUY,30,145.71
16-02-2026,NSEEQ,Sell,CANBK-EQ,10.0,144.51,3839662.0,CANBK,SELL,10,144.51
16-02-2026,NSEEQ,Sell,CANBK-EQ,10.0,144.61,3808093.0,CANBK,SELL,10,144.61
23-02-2026,NSEEQ,Sell,CANBK-EQ,30.0,156.39,1171603.0,CANBK,SELL,30,156.39
29-01-2026,NSEEQ,Buy,CANBK-EQ,20.0,157.74,3761883.0,CANBK,BUY,20,157.74
01-02-2026,NSEEQ,Buy,DATAPATTNS-EQ,5.0,2672.0,205409931.0,DATAPATTNS,BUY,5,2672.0
06-02-2026,NSEEQ,Buy,DATAPATTNS-EQ,2.0,2580.0,202430113.0,DATAPATTNS,BUY,2,2580.0
09-02-2026,NSEEQ,Sell,DATAPATTNS-EQ,1.0,2766.7,201273234.0,DATAPATTNS,SELL,1,2766.7
09-02-2026,NSEEQ,Sell,DATAPATTNS-EQ,4.0,2766.7,201273235.0,DATAPATTNS,SELL,4,2766.7
09-02-2026,NSEEQ,Sell,DATAPATTNS-EQ,2.0,2766.7,201273236.0,DATAPATTNS,SELL,2,2766.7
05-01-2026,NSEEQ,Buy,DIXON-EQ,1.0,12105.0,207193947.0,DIXON,BUY,1,12105.0
20-01-2026,BSEEQ,Buy,EMBASSY-IF,1.0,438.78,1207300.0,EMBASSY-IF,BUY,1,438.78
13-02-2026,NSEEQ,Sell,GOLDCASE-EQ,100.0,23.99,209859647.0,GOLDCASE,SELL,100,23.99
13-02-2026,NSEEQ,Sell,GOLDCASE-EQ,146.0,23.98,209859648.0,GOLDCASE,SELL,146,23.98
13-02-2026,NSEEQ,Sell,GOLDCASE-EQ,5.0,23.98,209859649.0,GOLDCASE,SELL,5,23.98
13-02-2026,NSEEQ,Sell,GOLDCASE-EQ,10.0,23.98,209859650.0,GOLDCASE,SELL,10,23.98
13-02-2026,NSEEQ,Sell,GOLDCASE-EQ,39.0,23.98,209859651.0,GOLDCASE,SELL,39,23.98
29-01-2026,NSEEQ,Buy,GOLDCASE-EQ,200.0,27.67,209981633.0,GOLDCASE,BUY,200,27.67
30-01-2026,NSEEQ,Buy,GOLDCASE-EQ,100.0,27.06,202793272.0,GOLDCASE,BUY,100,27.06
16-02-2026,NSEEQ,Buy,GRSE-EQ,10.0,2430.0,209048482.0,GRSE,BUY,10,2430.0
29-01-2026,NSEEQ,Buy,GRSE-EQ,10.0,2591.4,210671379.0,GRSE,BUY,10,2591.4
13-02-2026,NSEEQ,Buy,HINDCOPPER-EQ,60.0,589.4,211921128.0,HINDCOPPER,BUY,60,589.4
13-02-2026,NSEEQ,Sell,HINDCOPPER-EQ,1.0,590.6,211533699.0,HINDCOPPER,SELL,1,590.6
13-02-2026,NSEEQ,Sell,HINDCOPPER-EQ,59.0,590.5,211533700.0,HINDCOPPER,SELL,59,590.5
13-02-2026,NSEEQ,Buy,HINDCOPPER-EQ,60.0,592.5,211439431.0,HINDCOPPER,BUY,60,592.5
13-02-2026,NSEEQ,Sell,HINDCOPPER-EQ,10.0,597.8,209842368.0,HINDCOPPER,SELL,10,597.8
13-02-2026,NSEEQ,Sell,HINDCOPPER-EQ,1.0,597.8,209842369.0,HINDCOPPER,SELL,1,597.8
13-02-2026,NSEEQ,Sell,HINDCOPPER-EQ,1.0,597.8,209842370.0,HINDCOPPER,SELL,1,597.8
13-02-2026,NSEEQ,Sell,HINDCOPPER-EQ,1.0,597.8,209842371.0,HINDCOPPER,SELL,1,597.8
13-02-2026,NSEEQ,Sell,HINDCOPPER-EQ,1.0,597.8,209842372.0,HINDCOPPER,SELL,1,597.8
13-02-2026,NSEEQ,Sell,HINDCOPPER-EQ,2.0,597.8,209842373.0,HINDCOPPER,SELL,2,597.8
13-02-2026,NSEEQ,Sell,HINDCOPPER-EQ,1.0,597.8,209842374.0,HINDCOPPER,SELL,1,597.8
13-02-2026,NSEEQ,Sell,HINDCOPPER-EQ,43.0,597.75,209842375.0,HINDCOPPER,SELL,43,597.75
16-02-2026,NSEEQ,Buy,HINDCOPPER-EQ,31.0,575.95,209100580.0,HINDCOPPER,BUY,31,575.95
16-02-2026,NSEEQ,Buy,HINDCOPPER-EQ,29.0,576.0,209100581.0,HINDCOPPER,BUY,29,576.0
16-02-2026,NSEEQ,Sell,HINDCOPPER-EQ,33.0,575.85,206032023.0,HINDCOPPER,SELL,33,575.85
16-02-2026,NSEEQ,Sell,HINDCOPPER-EQ,27.0,575.8,206032024.0,HINDCOPPER,SELL,27,575.8
29-01-2026,NSEEQ,Buy,HINDCOPPER-EQ,20.0,728.9,204937861.0,HINDCOPPER,BUY,20,728.9
29-01-2026,NSEEQ,Buy,HINDCOPPER-EQ,20.0,741.0,203555055.0,HINDCOPPER,BUY,20,741.0
30-01-2026,NSEEQ,Buy,HINDCOPPER-EQ,20.0,712.25,202582500.0,HINDCOPPER,BUY,20,712.25
01-02-2026,NSEEQ,Buy,IDEA-EQ,1000.0,10.8,206669520.0,IDEA,BUY,1000,10.8
01-02-2026,NSEEQ,Buy,IDEA-EQ,2000.0,10.8,200624468.0,IDEA,BUY,2000,10.8
02-03-2026,NSEEQ,Buy,IDEA-EQ,500.0,10.15,207244403.0,IDEA,BUY,500,10.15
03-02-2026,NSEEQ,Sell,IDEA-EQ,3000.0,11.4,211959741.0,IDEA,SELL,3000,11.4
04-02-2026,NSEEQ,Buy,IDEA-EQ,1000.0,11.32,211463396.0,IDEA,BUY,1000,11.32
04-02-2026,NSEEQ,Buy,IDEA-EQ,2000.0,11.35,210854623.0,IDEA,BUY,2000,11.35
04-02-2026,NSEEQ,Buy,IDEA-EQ,681.0,11.32,205627612.0,IDEA,BUY,681,11.32
04-02-2026,NSEEQ,Buy,IDEA-EQ,319.0,11.32,205627613.0,IDEA,BUY,319,11.32
04-02-2026,NSEEQ,Buy,IDEA-EQ,1.0,11.44,202943995.0,IDEA,BUY,1,11.44
05-01-2026,NSEEQ,Buy,IDEA-EQ,500.0,11.4,207395725.0,IDEA,BUY,500,11.4
09-02-2026,NSEEQ,Sell,IDEA-EQ,4000.0,11.54,203467361.0,IDEA,SELL,4000,11.54
12-01-2026,NSEEQ,Buy,IDEA-EQ,500.0,11.25,201281289.0,IDEA,BUY,500,11.25
12-02-2026,NSEEQ,Sell,IDEA-EQ,4000.0,11.55,210000642.0,IDEA,SELL,4000,11.55
12-02-2026,NSEEQ,Buy,IDEA-EQ,4000.0,11.36,200842995.0,IDEA,BUY,4000,11.36
13-02-2026,NSEEQ,Buy,IDEA-EQ,3500.0,11.34,208632395.0,IDEA,BUY,3500,11.34
13-02-2026,NSEEQ,Buy,IDEA-EQ,500.0,11.44,201011171.0,IDEA,BUY,500,11.44
16-01-2026,NSEEQ,Buy,IDEA-EQ,1000.0,10.82,210744208.0,IDEA,BUY,1000,10.82
18-02-2026,NSEEQ,Sell,IDEA-EQ,4000.0,11.63,202957737.0,IDEA,SELL,4000,11.63
19-02-2026,NSEEQ,Buy,IDEA-EQ,4000.0,11.2,208294705.0,IDEA,BUY,4000,11.2
20-01-2026,NSEEQ,Buy,IDEA-EQ,2000.0,10.1,211293622.0,IDEA,BUY,2000,10.1
20-02-2026,NSEEQ,Buy,IDEA-EQ,2000.0,11.15,207148975.0,IDEA,BUY,2000,11.15
20-02-2026,NSEEQ,Buy,IDEA-EQ,1000.0,11.18,207104133.0,IDEA,BUY,1000,11.18
20-02-2026,NSEEQ,Buy,IDEA-EQ,124.0,11.2,207091069.0,IDEA,BUY,124,11.2
20-02-2026,NSEEQ,Buy,IDEA-EQ,1.0,11.2,207091070.0,IDEA,BUY,1,11.2
20-02-2026,NSEEQ,Buy,IDEA-EQ,875.0,11.2,207091071.0,IDEA,BUY,875,11.2
23-02-2026,NSEEQ,Buy,IDEA-EQ,2000.0,10.98,202311314.0,IDEA,BUY,2000,10.98
30-01-2026,NSEEQ,Sell,IDEA-EQ,4000.0,11.12,214118452.0,IDEA,SELL,4000,11.12
01-02-2026,NSEEQ,Buy,KERNEX-EQ,2.0,1233.8,404736484.0,KERNEX,BUY,2,1233.8
01-02-2026,NSEEQ,Buy,KERNEX-EQ,11.0,1233.8,404736485.0,KERNEX,BUY,11,1233.8
01-02-2026,NSEEQ,Buy,KERNEX-EQ,7.0,1233.9,404736486.0,KERNEX,BUY,7,1233.9
01-02-2026,NSEEQ,Sell,KERNEX-EQ,4.0,1221.3,404642705.0,KERNEX,SELL,4,1221.3
01-02-2026,NSEEQ,Sell,KERNEX-EQ,16.0,1221.3,404642706.0,KERNEX,SELL,16,1221.3
01-02-2026,NSEEQ,Buy,KERNEX-EQ,1.0,1200.0,404157052.0,KERNEX,BUY,1,1200.0
04-02-2026,NSEEQ,Buy,KERNEX-EQ,30.0,1190.0,407761153.0,KERNEX,BUY,30,1190.0
19-02-2026,NSEEQ,Buy,KERNEX-EQ,30.0,1122.2,400937746.0,KERNEX,BUY,30,1122.2
19-02-2026,NSEEQ,Buy,KERNEX-EQ,8.0,1122.5,400860830.0,KERNEX,BUY,8,1122.5
19-02-2026,NSEEQ,Buy,KERNEX-EQ,11.0,1122.5,400860831.0,KERNEX,BUY,11,1122.5
19-02-2026,NSEEQ,Buy,KERNEX-EQ,8.0,1122.5,400860832.0,KERNEX,BUY,8,1122.5
19-02-2026,NSEEQ,Buy,KERNEX-EQ,3.0,1122.9,400860833.0,KERNEX,BUY,3,1122.9
29-01-2026,NSEEQ,Buy,KERNEX-EQ,13.0,1214.2,402594636.0,KERNEX,BUY,13,1214.2
29-01-2026,NSEEQ,Buy,KERNEX-EQ,7.0,1214.2,402594001.0,KERNEX,BUY,7,1214.2
10-02-2026,NSEEQ,Buy,LUMAXTECH-EQ,1.0,1591.0,406751476.0,LUMAXTECH,BUY,1,1591.0
11-02-2026,NSEEQ,Buy,LUMAXTECH-EQ,1.0,1714.7,401554575.0,LUMAXTECH,BUY,1,1714.7
12-02-2026,NSEEQ,Sell,LUMAXTECH-EQ,2.0,1755.0,408006910.0,LUMAXTECH,SELL,2,1755.0
02-03-2026,NSEEQ,Buy,MAHABANK-EQ,20.0,71.9,409090382.0,MAHABANK,BUY,20,71.9
05-02-2026,NSEEQ,Buy,METROPOLIS-EQ,3.0,1920.0,400828992.0,METROPOLIS,BUY,3,1920.0
13-02-2026,NSEEQ,Buy,MOSCHIP-EQ,5.0,190.89,405913727.0,MOSCHIP,BUY,5,190.89
21-01-2026,NSEEQ,Buy,MOSCHIP-EQ,5.0,175.43,404380241.0,MOSCHIP,BUY,5,175.43
28-01-2026,NSEEQ,Sell,MOSCHIP-EQ,2.0,184.38,404225147.0,MOSCHIP,SELL,2,184.38
28-01-2026,NSEEQ,Sell,MOSCHIP-EQ,1.0,184.38,404225148.0,MOSCHIP,SELL,1,184.38
28-01-2026,NSEEQ,Sell,MOSCHIP-EQ,2.0,184.33,404225149.0,MOSCHIP,SELL,2,184.33
28-01-2026,NSEEQ,Buy,MOSCHIP-EQ,5.0,173.71,400020926.0,MOSCHIP,BUY,5,173.71
10-02-2026,NSEEQ,Buy,MOTHERSON-EQ,1.0,129.3,406737817.0,MOTHERSON,BUY,1,129.3
11-02-2026,NSEEQ,Buy,MOTHERSON-EQ,1.0,135.22,401547312.0,MOTHERSON,BUY,1,135.22
19-02-2026,NSEEQ,Sell,MOTHERSON-EQ,2.0,133.16,401390446.0,MOTHERSON,SELL,2,133.16
01-02-2026,NSEEQ,Buy,MTARTECH-EQ,2.0,2972.0,402902991.0,MTARTECH,BUY,2,2972.0
01-02-2026,NSEEQ,Buy,MTARTECH-EQ,3.0,2972.0,402902994.0,MTARTECH,BUY,3,2972.0
05-02-2026,NSEEQ,Sell,MTARTECH-EQ,5.0,3228.0,402227892.0,MTARTECH,SELL,5,3228.0
23-02-2026,NSEEQ,Buy,MTARTECH-EQ,2.0,3695.0,404310019.0,MTARTECH,BUY,2,3695.0
02-02-2026,NSEEQ,Buy,NETWEB-EQ,1.0,3310.0,402901427.0,NETWEB,BUY,1,3310.0
12-02-2026,NSEEQ,Buy,NETWEB-EQ,1.0,3183.0,407993322.0,NETWEB,BUY,1,3183.0
16-02-2026,NSEEQ,Buy,NETWEB-EQ,1.0,3071.0,406422147.0,NETWEB,BUY,1,3071.0
16-02-2026,NSEEQ,Buy,NETWEB-EQ,1.0,3071.5,406422148.0,NETWEB,BUY,1,3071.5
19-02-2026,NSEEQ,Sell,NETWEB-EQ,2.0,3520.0,407352097.0,NETWEB,SELL,2,3520.0
20-02-2026,NSEEQ,Sell,NETWEB-EQ,3.0,3530.0,401806183.0,NETWEB,SELL,3,3530.0
20-02-2026,NSEEQ,Buy,NETWEB-EQ,3.0,3397.5,400311286.0,NETWEB,BUY,3,3397.5
23-02-2026,NSEEQ,Buy,NETWEB-EQ,5.0,3604.7,400322499.0,NETWEB,BUY,5,3604.7
02-03-2026,BSEEQ,Buy,PNB-A,20.0,124.7,10266900.0,PNB,BUY,20,124.7
23-02-2026,NSEEQ,Sell,PNB-EQ,1.0,132.29,401508050.0,PNB,SELL,1,132.29
23-02-2026,NSEEQ,Sell,PNB-EQ,19.0,132.25,401508051.0,PNB,SELL,19,132.25
29-01-2026,NSEEQ,Buy,PNB-EQ,20.0,124.49,404513716.0,PNB,BUY,20,124.49
24-02-2026,NSEEQ,Buy,RMDRIP-EQ,20.0,122.39,604377429.0,RMDRIP,BUY,20,122.39
24-02-2026,NSEEQ,Buy,RNBDENIMS-BE,20.0,198.7,603982643.0,RNBDENIMS,BUY,20,198.7
09-02-2026,NSEEQ,Buy,SCI-EQ,20.0,251.03,600662364.0,SCI,BUY,20,251.03
12-02-2026,NSEEQ,Buy,SCI-EQ,30.0,275.37,600862369.0,SCI,BUY,30,275.37
29-01-2026,NSEEQ,Buy,SILVERCASE-EQ,200.0,37.75,608744780.0,SILVERCASE,BUY,200,37.75
30-01-2026,NSEEQ,Buy,SILVERCASE-EQ,100.0,36.29,602881640.0,SILVERCASE,BUY,100,36.29
28-01-2026,NSEEQ,Sell,TATASTEEL-EQ,5.0,193.8,606739196.0,TATASTEEL,SELL,5,193.8
28-01-2026,NSEEQ,Buy,TATASTEEL-EQ,5.0,193.49,600006791.0,TATASTEEL,BUY,5,193.49
05-02-2026,NSEEQ,Sell,UNICHEMLAB-EQ,5.0,436.0,610107054.0,UNICHEMLAB,SELL,5,436.0
05-02-2026,NSEEQ,Buy,UNICHEMLAB-EQ,5.0,435.35,609908064.0,UNICHEMLAB,BUY,5,435.35
02-03-2026,NSEEQ,Buy,UNIONBANK-EQ,20.0,197.58,609397655.0,UNIONBANK,BUY,20,197.58
01-02-2026,NSEEQ,Buy,WALCHANNAG-EQ,5.0,186.0,608322611.0,WALCHANNAG,BUY,5,186.0
03-02-2026,NSEEQ,Buy,WALCHANNAG-EQ,30.0,186.0,613488168.0,WALCHANNAG,BUY,30,186.0
04-02-2026,NSEEQ,Buy,WALCHANNAG-EQ,25.0,183.0,611277396.0,WALCHANNAG,BUY,25,183.0
12-02-2026,NSEEQ,Buy,WALCHANNAG-EQ,20.0,174.2,609403800.0,WALCHANNAG,BUY,20,174.2
12-02-2026,NSEEQ,Buy,WALCHANNAG-EQ,20.0,174.79,609401566.0,WALCHANNAG,BUY,20,174.79
16-02-2026,NSEEQ,Buy,WALCHANNAG-EQ,75.0,168.93,606898037.0,WALCHANNAG,BUY,75,168.93
16-02-2026,NSEEQ,Buy,WALCHANNAG-EQ,25.0,168.95,606898038.0,WALCHANNAG,BUY,25,168.95
16-02-2026,NSEEQ,Sell,WALCHANNAG-EQ,54.0,168.37,604625743.0,WALCHANNAG,SELL,54,168.37
16-02-2026,NSEEQ,Sell,WALCHANNAG-EQ,33.0,168.32,604625744.0,WALCHANNAG,SELL,33,168.32
16-02-2026,NSEEQ,Sell,WALCHANNAG-EQ,13.0,168.32,604625745.0,WALCHANNAG,SELL,13,168.32
19-02-2026,BSEEQ,Buy,WATERBASE-X,2.0,60.0,4301200.0,WATERBASE-X,BUY,2,60.0
02-03-2026,NSEEQ,Buy,YESBANK-EQ,370.0,20.02,608724994.0,YESBANK,BUY,370,20.02
02-03-2026,NSEEQ,Buy,YESBANK-EQ,3.0,20.02,608723257.0,YESBANK,BUY,3,20.02
02-03-2026,NSEEQ,Buy,YESBANK-EQ,4.0,20.02,608722993.0,YESBANK,BUY,4,20.02
02-03-2026,NSEEQ,Buy,YESBANK-EQ,2.0,20.02,608722694.0,YESBANK,BUY,2,20.02
02-03-2026,NSEEQ,Buy,YESBANK-EQ,1.0,20.02,608722273.0,YESBANK,BUY,1,20.02
02-03-2026,NSEEQ,Buy,YESBANK-EQ,3.0,20.02,608721151.0,YESBANK,BUY,3,20.02
02-03-2026,NSEEQ,Buy,YESBANK-EQ,500.0,20.02,608721157.0,YESBANK,BUY,500,20.02
02-03-2026,NSEEQ,Buy,YESBANK-EQ,10.0,20.02,608719863.0,YESBANK,BUY,10,20.02
02-03-2026,NSEEQ,Buy,YESBANK-EQ,193.0,20.02,608718913.0,YESBANK,BUY,193,20.02
02-03-2026,NSEEQ,Buy,YESBANK-EQ,114.0,20.02,608718938.0,YESBANK,BUY,114,20.02
05-02-2026,NSEEQ,Buy,YESBANK-EQ,1000.0,21.2,608210991.0,YESBANK,BUY,1000,21.2
09-02-2026,NSEEQ,Buy,YESBANK-EQ,1.0,21.59,606933981.0,YESBANK,BUY,1,21.59
09-02-2026,NSEEQ,Sell,YESBANK-EQ,1000.0,21.63,603376468.0,YESBANK,SELL,1000,21.63
12-02-2026,NSEEQ,Buy,YESBANK-EQ,995.0,21.1,608849147.0,YESBANK,BUY,995,21.1
12-02-2026,NSEEQ,Buy,YESBANK-EQ,5.0,21.1,608847167.0,YESBANK,BUY,5,21.1
13-02-2026,NSEEQ,Buy,YESBANK-EQ,200.0,20.82,602232742.0,YESBANK,BUY,200,20.82
